sample_id,algorithm,original_v2_prob,original_v4_prob,adv_v2_prob,adv_v4_prob,success,queries,mutations,mutation_path,url,file_path,v2_detected_orig,v4_detected_orig,v2_detected_adv,v4_detected_adv
P02369,BeamSearchAttacker,0.5,0.9804199527562897,0.5,0.8963674376852914,False,15,2,"html_add_massive_benign_text,url_add_benign_query","http://fincomsal.com/wp-admin/vx/webmail/page/
",results\adv_P02369_BeamSearchAttacker.html,True,True,True,True
P02369,SimulatedAnnealingAttacker,0.5,0.9804199527562897,0.5,0.980667995982513,False,20,14,"html_insert_benign_meta,html_convert_links_to_buttons,url_add_fragment,html_convert_links_to_buttons,html_add_cosmetic_div,html_convert_links_to_buttons,html_add_dummy_script,html_add_dummy_script,html_obfuscate_text,html_add_benign_text,html_obfuscate_text,html_add_dummy_script,html_obfuscate_form_action,html_add_dummy_script","http://fincomsal.com/wp-admin/vx/webmail/page/
",results\adv_P02369_SimulatedAnnealingAttacker.html,True,True,True,True
P02369,MCTSAttacker,0.5,0.9804199527562897,0.5,0.8963674376852914,False,15,3,"html_add_massive_benign_text,url_add_fragment,html_add_external_link","http://fincomsal.com/wp-admin/vx/webmail/page/
",results\adv_P02369_MCTSAttacker.html,True,True,True,True
P02033,BeamSearchAttacker,0.5,0.9878220648793931,0.5,0.9422074006980938,False,15,2,"html_add_massive_benign_text,url_add_benign_query","http://huntingtononline.ddns.info/suntrust
",results\adv_P02033_BeamSearchAttacker.html,True,True,True,True
P02033,SimulatedAnnealingAttacker,0.5,0.9878220648793931,0.5,0.9875359697150188,False,20,6,"html_obfuscate_form_action,html_add_dummy_script,url_add_benign_query,html_add_cosmetic_div,html_insert_benign_meta,html_add_external_link","http://huntingtononline.ddns.info/suntrust
",results\adv_P02033_SimulatedAnnealingAttacker.html,True,True,True,True
P02033,MCTSAttacker,0.5,0.9878220648793931,0.5,0.9422074006980938,False,15,3,"html_convert_links_to_buttons,html_obfuscate_form_action,html_add_massive_benign_text","http://huntingtononline.ddns.info/suntrust
",results\adv_P02033_MCTSAttacker.html,True,True,True,True
P02384,BeamSearchAttacker,0.5,0.9857458872359649,0.5,0.8081765105209011,False,15,2,"html_add_massive_benign_text,url_add_benign_query","http://shl2.me.uk/sites/default/files/languages/SSB/ssblogin.htm
",results\adv_P02384_BeamSearchAttacker.html,True,True,True,True
P02384,SimulatedAnnealingAttacker,0.5,0.9857458872359649,0.5,0.8827174127837981,False,20,18,"html_add_cosmetic_div,html_obfuscate_form_action,html_insert_benign_meta,html_add_benign_text,html_add_cosmetic_div,html_insert_benign_meta,html_convert_links_to_buttons,html_add_massive_benign_text,html_convert_links_to_buttons,html_add_external_link,html_add_massive_benign_text,url_add_fragment,html_insert_benign_meta,html_insert_benign_meta,html_swap_password_input,html_add_external_link,html_add_external_link,url_add_benign_query","http://shl2.me.uk/sites/default/files/languages/SSB/ssblogin.htm
",results\adv_P02384_SimulatedAnnealingAttacker.html,True,True,True,True
P02384,MCTSAttacker,0.5,0.9857458872359649,0.5,0.8057901345788039,False,15,3,"html_swap_password_input,html_add_massive_benign_text,html_add_dummy_script","http://shl2.me.uk/sites/default/files/languages/SSB/ssblogin.htm
",results\adv_P02384_MCTSAttacker.html,True,True,True,True
P02128,BeamSearchAttacker,0.5,0.3608625072976814,0.5,0.8920179507393868,True,6,1,html_add_external_link,"https://orange.iobeya.com/s/download/resources/client-html-plugin/4.5.19.83329/public/
",results\adv_P02128_BeamSearchAttacker.html,True,False,True,True
P02128,SimulatedAnnealingAttacker,0.5,0.3608625072976814,0.5,0.4090887064415876,True,3,2,"html_convert_links_to_buttons,html_add_massive_benign_text","https://orange.iobeya.com/s/download/resources/client-html-plugin/4.5.19.83329/public/
",results\adv_P02128_SimulatedAnnealingAttacker.html,True,False,True,False
P02128,MCTSAttacker,0.5,0.3608625072976814,0.5,0.4090887064415876,True,5,1,html_add_massive_benign_text,"https://orange.iobeya.com/s/download/resources/client-html-plugin/4.5.19.83329/public/
",results\adv_P02128_MCTSAttacker.html,True,False,True,False
P02070,BeamSearchAttacker,0.5,0.9864252933552775,0.5,0.9864252933552775,False,15,1,url_remove_suspicious_keywords,"http://www.central-th.com/update_log_in/session_expired/update_continue/
",results\adv_P02070_BeamSearchAttacker.html,True,True,True,True
P02070,SimulatedAnnealingAttacker,0.5,0.9864252933552775,0.5,0.9866750925841856,False,20,6,"html_obfuscate_text,html_add_benign_text,html_convert_links_to_buttons,url_remove_suspicious_keywords,html_swap_password_input,html_add_external_link","http://www.central-th.com/update_log_in/session_expired/update_continue/
",results\adv_P02070_SimulatedAnnealingAttacker.html,True,True,True,True
P02070,MCTSAttacker,0.5,0.9864252933552775,0.5,0.9864252933552775,False,15,1,url_remove_suspicious_keywords,"http://www.central-th.com/update_log_in/session_expired/update_continue/
",results\adv_P02070_MCTSAttacker.html,True,True,True,True
P02408,BeamSearchAttacker,0.5,0.9848694924000495,0.5,0.9848694924000495,False,15,2,"html_swap_password_input,url_add_benign_query","http://148.251.192.93/abn/
",results\adv_P02408_BeamSearchAttacker.html,True,True,True,True
P02408,SimulatedAnnealingAttacker,0.5,0.9848694924000495,0.5,0.9848694924000495,False,20,8,"url_add_benign_query,html_add_massive_benign_text,html_swap_password_input,html_add_dummy_script,html_insert_benign_meta,url_remove_suspicious_keywords,html_add_benign_text,html_add_dummy_script","http://148.251.192.93/abn/
",results\adv_P02408_SimulatedAnnealingAttacker.html,True,True,True,True
P02408,MCTSAttacker,0.5,0.9848694924000495,0.5,0.9848694924000495,False,15,2,"html_swap_password_input,html_obfuscate_text","http://148.251.192.93/abn/
",results\adv_P02408_MCTSAttacker.html,True,True,True,True
P02388,BeamSearchAttacker,0.5,0.9358188811746043,0.5,0.9358188811746043,True,13,1,html_add_massive_benign_text,"http://www.mob1le-fund3.com/bank/rbc/detail.htm
",results\adv_P02388_BeamSearchAttacker.html,True,True,True,True
P02388,SimulatedAnnealingAttacker,0.5,0.9358188811746043,0.5,0.8882246771186293,True,10,9,"html_obfuscate_text,html_obfuscate_form_action,url_remove_suspicious_keywords,html_add_dummy_script,html_obfuscate_text,html_obfuscate_form_action,url_add_fragment,html_add_cosmetic_div,html_add_massive_benign_text","http://www.mob1le-fund3.com/bank/rbc/detail.htm
",results\adv_P02388_SimulatedAnnealingAttacker.html,True,True,True,True
P02388,MCTSAttacker,0.5,0.9358188811746043,0.5,0.9358188811746043,True,5,1,html_add_massive_benign_text,"http://www.mob1le-fund3.com/bank/rbc/detail.htm
",results\adv_P02388_MCTSAttacker.html,True,True,True,True
P02092,BeamSearchAttacker,0.5,0.6118534068706979,0.5,0.6118534068706979,False,15,1,html_add_external_link,"http://casace.org/misc/farbtastic/chronopo.../client.id987062019/infoschrono/098c9
",results\adv_P02092_BeamSearchAttacker.html,True,True,True,True
P02092,SimulatedAnnealingAttacker,0.5,0.6118534068706979,0.5,0.6118534068706979,False,20,13,"html_add_benign_text,url_remove_suspicious_keywords,html_add_external_link,html_swap_password_input,html_add_external_link,html_obfuscate_text,html_insert_benign_meta,url_add_fragment,html_swap_password_input,html_swap_password_input,html_obfuscate_form_action,html_add_dummy_script,html_add_dummy_script","http://casace.org/misc/farbtastic/chronopo.../client.id987062019/infoschrono/098c9
",results\adv_P02092_SimulatedAnnealingAttacker.html,True,True,True,True
P02092,MCTSAttacker,0.5,0.6118534068706979,0.5,0.6118534068706979,False,15,1,html_add_massive_benign_text,"http://casace.org/misc/farbtastic/chronopo.../client.id987062019/infoschrono/098c9
",results\adv_P02092_MCTSAttacker.html,True,True,True,True
P02027,BeamSearchAttacker,0.5,0.9828093606043727,0.5,0.9819380525556983,True,13,1,html_add_massive_benign_text,"http://www.ecostudiromaelazio.it/attachments/acces/sms.php
",results\adv_P02027_BeamSearchAttacker.html,True,True,True,True
P02027,SimulatedAnnealingAttacker,0.5,0.9828093606043727,0.5,0.9633962069971846,False,20,14,"url_remove_suspicious_keywords,html_add_benign_text,html_obfuscate_form_action,html_add_benign_text,url_add_fragment,html_swap_password_input,html_add_dummy_script,html_insert_benign_meta,html_add_dummy_script,url_remove_suspicious_keywords,url_add_benign_query,html_add_dummy_script,html_add_cosmetic_div,html_obfuscate_text","http://www.ecostudiromaelazio.it/attachments/acces/sms.php
",results\adv_P02027_SimulatedAnnealingAttacker.html,True,True,True,True
P02027,MCTSAttacker,0.5,0.9828093606043727,0.5,0.9819380525556983,True,5,1,html_add_massive_benign_text,"http://www.ecostudiromaelazio.it/attachments/acces/sms.php
",results\adv_P02027_MCTSAttacker.html,True,True,True,True
P02473,BeamSearchAttacker,0.5,0.9867179829861503,0.5,0.9330596534857278,False,15,2,"html_add_massive_benign_text,url_add_benign_query","https://flowersbymoira.net/wp-includes/js/tinymce/BP/5/uzh.htm
",results\adv_P02473_BeamSearchAttacker.html,True,True,True,True
P02473,SimulatedAnnealingAttacker,0.5,0.9867179829861503,0.5,0.9330596534857278,False,20,13,"html_obfuscate_form_action,html_insert_benign_meta,url_add_benign_query,html_add_cosmetic_div,html_add_dummy_script,html_add_massive_benign_text,html_insert_benign_meta,html_add_benign_text,url_add_benign_query,url_remove_suspicious_keywords,html_add_cosmetic_div,html_insert_benign_meta,html_add_external_link","https://flowersbymoira.net/wp-includes/js/tinymce/BP/5/uzh.htm
",results\adv_P02473_SimulatedAnnealingAttacker.html,True,True,True,True
P02473,MCTSAttacker,0.5,0.9867179829861503,0.5,0.9330596534857278,False,15,2,"html_add_massive_benign_text,url_add_benign_query","https://flowersbymoira.net/wp-includes/js/tinymce/BP/5/uzh.htm
",results\adv_P02473_MCTSAttacker.html,True,True,True,True
