sample_id,algorithm,success,query_count,mutation_count,original_score,final_score,file_path
P02369,BeamSearchAttacker,False,15,2,0.5,0.5,results\adv_P02369_BeamSearchAttacker.html
P02369,SimulatedAnnealingAttacker,False,20,14,0.5,0.5,results\adv_P02369_SimulatedAnnealingAttacker.html
P02369,MCTSAttacker,False,15,3,0.5,0.5,results\adv_P02369_MCTSAttacker.html
P02033,BeamSearchAttacker,False,15,2,0.5,0.5,results\adv_P02033_BeamSearchAttacker.html
P02033,SimulatedAnnealingAttacker,False,20,6,0.5,0.5,results\adv_P02033_SimulatedAnnealingAttacker.html
P02033,MCTSAttacker,False,15,3,0.5,0.5,results\adv_P02033_MCTSAttacker.html
P02384,BeamSearchAttacker,False,15,2,0.5,0.5,results\adv_P02384_BeamSearchAttacker.html
P02384,SimulatedAnnealingAttacker,False,20,18,0.5,0.5,results\adv_P02384_SimulatedAnnealingAttacker.html
P02384,MCTSAttacker,False,15,3,0.5,0.5,results\adv_P02384_MCTSAttacker.html
P02128,BeamSearchAttacker,True,6,1,0.5,0.5,results\adv_P02128_BeamSearchAttacker.html
P02128,SimulatedAnnealingAttacker,True,3,2,0.5,0.5,results\adv_P02128_SimulatedAnnealingAttacker.html
P02128,MCTSAttacker,True,5,1,0.5,0.5,results\adv_P02128_MCTSAttacker.html
P02070,BeamSearchAttacker,False,15,1,0.5,0.5,results\adv_P02070_BeamSearchAttacker.html
P02070,SimulatedAnnealingAttacker,False,20,6,0.5,0.5,results\adv_P02070_SimulatedAnnealingAttacker.html
P02070,MCTSAttacker,False,15,1,0.5,0.5,results\adv_P02070_MCTSAttacker.html
P02408,BeamSearchAttacker,False,15,2,0.5,0.5,results\adv_P02408_BeamSearchAttacker.html
P02408,SimulatedAnnealingAttacker,False,20,8,0.5,0.5,results\adv_P02408_SimulatedAnnealingAttacker.html
P02408,MCTSAttacker,False,15,2,0.5,0.5,results\adv_P02408_MCTSAttacker.html
P02388,BeamSearchAttacker,True,13,1,0.5,0.5,results\adv_P02388_BeamSearchAttacker.html
P02388,SimulatedAnnealingAttacker,True,10,9,0.5,0.5,results\adv_P02388_SimulatedAnnealingAttacker.html
P02388,MCTSAttacker,True,5,1,0.5,0.5,results\adv_P02388_MCTSAttacker.html
P02092,BeamSearchAttacker,False,15,1,0.5,0.5,results\adv_P02092_BeamSearchAttacker.html
P02092,SimulatedAnnealingAttacker,False,20,13,0.5,0.5,results\adv_P02092_SimulatedAnnealingAttacker.html
P02092,MCTSAttacker,False,15,1,0.5,0.5,results\adv_P02092_MCTSAttacker.html
P02027,BeamSearchAttacker,True,13,1,0.5,0.5,results\adv_P02027_BeamSearchAttacker.html
P02027,SimulatedAnnealingAttacker,False,20,14,0.5,0.5,results\adv_P02027_SimulatedAnnealingAttacker.html
P02027,MCTSAttacker,True,5,1,0.5,0.5,results\adv_P02027_MCTSAttacker.html
P02473,BeamSearchAttacker,False,15,2,0.5,0.5,results\adv_P02473_BeamSearchAttacker.html
P02473,SimulatedAnnealingAttacker,False,20,13,0.5,0.5,results\adv_P02473_SimulatedAnnealingAttacker.html
P02473,MCTSAttacker,False,15,2,0.5,0.5,results\adv_P02473_MCTSAttacker.html
