feature,feature_group,feature_index,clean_f1,clean_accuracy,clean_roc_auc,f1_minus5,f1_plus5,worst_f1,f1_drop_minus5,f1_drop_plus5,worst_f1_drop,mean_f1_drop,accuracy_drop_minus5,accuracy_drop_plus5,worst_accuracy_drop,roc_auc_drop_minus5,roc_auc_drop_plus5,worst_roc_auc_drop
url_length,structural,0,0.865,0.8937,0.958,0.8635,0.868,0.8635,0.0015,-0.003,0.0015,-0.0008,0.0013,-0.0026,0.0013,0.0003,-0.0001,0.0003
hostname_length,structural,1,0.865,0.8937,0.958,0.8605,0.8672,0.8605,0.0045,-0.0022,0.0045,0.0011,0.0026,-0.0006,0.0026,0.0,-0.0002,0.0
path_length,structural,2,0.865,0.8937,0.958,0.8647,0.8642,0.8642,0.0003,0.0008,0.0008,0.0005,0.0007,0.0007,0.0007,0.0001,-0.0001,0.0001
query_length,structural,3,0.865,0.8937,0.958,0.864,0.865,0.864,0.001,0.0,0.001,0.0005,0.0007,0.0,0.0007,0.0,-0.0001,0.0
url_depth,structural,4,0.865,0.8937,0.958,0.865,0.865,0.865,0.0,0.0,0.0,0.0,0.0,0.0,0.0,-0.0001,0.0,0.0
num_params,structural,5,0.865,0.8937,0.958,0.865,0.865,0.865,0.0,0.0,0.0,0.0,0.0,0.0,0.0,0.0,0.0,0.0
has_ip,structural,6,0.865,0.8937,0.958,0.865,0.865,0.865,0.0,0.0,0.0,0.0,0.0,0.0,0.0,0.0,0.0,0.0
has_at,structural,7,0.865,0.8937,0.958,0.865,0.865,0.865,0.0,0.0,0.0,0.0,0.0,0.0,0.0,0.0,0.0,0.0
has_port,structural,8,0.865,0.8937,0.958,0.865,0.865,0.865,0.0,0.0,0.0,0.0,0.0,0.0,0.0,0.0,0.0,0.0
double_slash,structural,9,0.865,0.8937,0.958,0.865,0.865,0.865,0.0,0.0,0.0,0.0,0.0,0.0,0.0,0.0,0.0,0.0
prefix_suffix,structural,10,0.865,0.8937,0.958,0.865,0.865,0.865,0.0,0.0,0.0,0.0,0.0,0.0,0.0,0.0,0.0,0.0
sub_domain_count,structural,11,0.865,0.8937,0.958,0.865,0.865,0.865,0.0,0.0,0.0,0.0,0.0,0.0,0.0,0.0,0.0,0.0
excessive_dots,structural,12,0.865,0.8937,0.958,0.865,0.865,0.865,0.0,0.0,0.0,0.0,0.0,0.0,0.0,0.0,0.0,0.0
numeric_subdomain,structural,13,0.865,0.8937,0.958,0.865,0.865,0.865,0.0,0.0,0.0,0.0,0.0,0.0,0.0,0.0,0.0,0.0
punycode_present,structural,14,0.865,0.8937,0.958,0.865,0.865,0.865,0.0,0.0,0.0,0.0,0.0,0.0,0.0,0.0,0.0,0.0
https_token,structural,15,0.865,0.8937,0.958,0.865,0.865,0.865,0.0,0.0,0.0,0.0,0.0,0.0,0.0,0.0,0.0,0.0
is_shortening,structural,16,0.865,0.8937,0.958,0.865,0.865,0.865,0.0,0.0,0.0,0.0,0.0,0.0,0.0,0.0,0.0,0.0
tld_risk_score,structural,17,0.865,0.8937,0.958,0.865,0.8642,0.8642,0.0,0.0008,0.0008,0.0004,0.0,0.0007,0.0007,0.0,0.0001,0.0001
has_redirect_param,structural,18,0.865,0.8937,0.958,0.865,0.865,0.865,0.0,0.0,0.0,0.0,0.0,0.0,0.0,0.0,0.0,0.0
double_extension,structural,19,0.865,0.8937,0.958,0.865,0.865,0.865,0.0,0.0,0.0,0.0,0.0,0.0,0.0,0.0,0.0,0.0
hex_encoded,structural,20,0.865,0.8937,0.958,0.865,0.865,0.865,0.0,0.0,0.0,0.0,0.0,0.0,0.0,0.0,0.0,0.0
domain_entropy,structural,21,0.865,0.8937,0.958,0.8576,0.8691,0.8576,0.0074,-0.0041,0.0074,0.0016,0.0046,-0.0006,0.0046,0.0009,-0.0006,0.0009
digit_ratio,structural,22,0.865,0.8937,0.958,0.8635,0.8652,0.8635,0.0015,-0.0002,0.0015,0.0006,0.0013,0.0,0.0013,0.0001,0.0001,0.0001
special_char_count,structural,23,0.865,0.8937,0.958,0.8659,0.865,0.865,-0.0009,0.0,0.0,-0.0005,-0.0006,0.0,0.0,0.0,0.0,0.0
consonant_ratio,structural,24,0.865,0.8937,0.958,0.8614,0.865,0.8614,0.0036,0.0,0.0036,0.0018,0.0033,-0.0006,0.0033,0.0003,-0.0001,0.0003
longest_word_length,structural,25,0.865,0.8937,0.958,0.8659,0.8626,0.8626,-0.0009,0.0024,0.0024,0.0007,-0.0006,0.002,0.002,-0.0001,0.0001,0.0001
brand_impersonation_score,structural,26,0.865,0.8937,0.958,0.865,0.865,0.865,0.0,0.0,0.0,0.0,0.0,0.0,0.0,-0.0002,-0.0003,-0.0002
subdomain_brand_match,structural,27,0.865,0.8937,0.958,0.865,0.865,0.865,0.0,0.0,0.0,0.0,0.0,0.0,0.0,0.0,0.0,0.0
suspicious_keywords,structural,28,0.865,0.8937,0.958,0.865,0.865,0.865,0.0,0.0,0.0,0.0,0.0,0.0,0.0,0.0,0.0,0.0
login_path_score,structural,29,0.865,0.8937,0.958,0.865,0.865,0.865,0.0,0.0,0.0,0.0,0.0,0.0,0.0,0.0,0.0,0.0
levenshtein_min,structural,30,0.865,0.8937,0.958,0.8657,0.8626,0.8626,-0.0007,0.0024,0.0024,0.0008,-0.0006,0.0013,0.0013,-0.0002,0.0002,0.0002
levenshtein_ratio,structural,31,0.865,0.8937,0.958,0.8669,0.8683,0.8669,-0.0019,-0.0033,-0.0019,-0.0026,-0.0019,-0.0026,-0.0019,-0.0006,0.0003,0.0003
password_fields,semantic,32,0.91,0.9289,0.9791,0.91,0.91,0.91,0.0,0.0,0.0,0.0,0.0,0.0,0.0,0.0,0.0,0.0
text_email_fields,semantic,33,0.91,0.9289,0.9791,0.9109,0.91,0.91,-0.0009,0.0,0.0,-0.0005,-0.0006,0.0,0.0,0.0,0.0,0.0
forms,semantic,34,0.91,0.9289,0.9791,0.91,0.91,0.91,0.0,0.0,0.0,0.0,0.0,0.0,0.0,0.0,0.0,0.0
external_links,semantic,35,0.91,0.9289,0.9791,0.91,0.9101,0.91,0.0,-0.0001,0.0,-0.0,0.0,0.0,0.0,0.0002,0.0,0.0002
iframes,semantic,36,0.91,0.9289,0.9791,0.91,0.91,0.91,0.0,0.0,0.0,0.0,0.0,0.0,0.0,0.0,0.0,0.0
scripts,semantic,37,0.91,0.9289,0.9791,0.91,0.91,0.91,0.0,0.0,0.0,0.0,0.0,0.0,0.0,0.0,0.0,0.0
login_indicators,semantic,38,0.91,0.9289,0.9791,0.91,0.91,0.91,0.0,0.0,0.0,0.0,0.0,0.0,0.0,0.0,0.0,0.0
credential_indicators,semantic,39,0.91,0.9289,0.9791,0.91,0.91,0.91,0.0,0.0,0.0,0.0,0.0,0.0,0.0,0.0,0.0,0.0
payment_indicators,semantic,40,0.91,0.9289,0.9791,0.91,0.91,0.91,0.0,0.0,0.0,0.0,0.0,0.0,0.0,0.0,0.0,0.0
urgency_indicators,semantic,41,0.91,0.9289,0.9791,0.91,0.91,0.91,0.0,0.0,0.0,0.0,0.0,0.0,0.0,0.0,0.0,0.0
brand_indicators,semantic,42,0.91,0.9289,0.9791,0.91,0.91,0.91,0.0,0.0,0.0,0.0,0.0,0.0,0.0,0.0,0.0,0.0
text_length,semantic,43,0.91,0.9289,0.9791,0.9094,0.9092,0.9092,0.0006,0.0008,0.0008,0.0007,0.0007,0.0,0.0007,0.0004,0.0002,0.0004
