feature,feature_group,worst_f1_drop,mean_f1_drop,worst_accuracy_drop,worst_roc_auc_drop
url_length,structural,0.0015,-0.0008,0.0013,0.0003
hostname_length,structural,0.0045,0.0011,0.0026,0.0
path_length,structural,0.0008,0.0005,0.0007,0.0001
query_length,structural,0.001,0.0005,0.0007,0.0
url_depth,structural,0.0,0.0,0.0,0.0
num_params,structural,0.0,0.0,0.0,0.0
has_ip,structural,0.0,0.0,0.0,0.0
has_at,structural,0.0,0.0,0.0,0.0
has_port,structural,0.0,0.0,0.0,0.0
double_slash,structural,0.0,0.0,0.0,0.0
prefix_suffix,structural,0.0,0.0,0.0,0.0
sub_domain_count,structural,0.0,0.0,0.0,0.0
excessive_dots,structural,0.0,0.0,0.0,0.0
numeric_subdomain,structural,0.0,0.0,0.0,0.0
punycode_present,structural,0.0,0.0,0.0,0.0
https_token,structural,0.0,0.0,0.0,0.0
is_shortening,structural,0.0,0.0,0.0,0.0
tld_risk_score,structural,0.0008,0.0004,0.0007,0.0001
has_redirect_param,structural,0.0,0.0,0.0,0.0
double_extension,structural,0.0,0.0,0.0,0.0
hex_encoded,structural,0.0,0.0,0.0,0.0
domain_entropy,structural,0.0074,0.0016,0.0046,0.0009
digit_ratio,structural,0.0015,0.0006,0.0013,0.0001
special_char_count,structural,0.0,-0.0005,0.0,0.0
consonant_ratio,structural,0.0036,0.0018,0.0033,0.0003
longest_word_length,structural,0.0024,0.0007,0.002,0.0001
brand_impersonation_score,structural,0.0,0.0,0.0,-0.0002
subdomain_brand_match,structural,0.0,0.0,0.0,0.0
suspicious_keywords,structural,0.0,0.0,0.0,0.0
login_path_score,structural,0.0,0.0,0.0,0.0
levenshtein_min,structural,0.0024,0.0008,0.0013,0.0002
levenshtein_ratio,structural,-0.0019,-0.0026,-0.0019,0.0003
password_fields,semantic,0.0,0.0,0.0,0.0
text_email_fields,semantic,0.0,-0.0005,0.0,0.0
forms,semantic,0.0,0.0,0.0,0.0
external_links,semantic,0.0,-0.0,0.0,0.0002
iframes,semantic,0.0,0.0,0.0,0.0
scripts,semantic,0.0,0.0,0.0,0.0
login_indicators,semantic,0.0,0.0,0.0,0.0
credential_indicators,semantic,0.0,0.0,0.0,0.0
payment_indicators,semantic,0.0,0.0,0.0,0.0
urgency_indicators,semantic,0.0,0.0,0.0,0.0
brand_indicators,semantic,0.0,0.0,0.0,0.0
text_length,semantic,0.0008,0.0007,0.0007,0.0004
