url,label,source
http://paypa1.com/login,1,curated
http://paypai.com/webscr?cmd=login,1,curated
http://paypal-secure.com/account/login,1,curated
http://secure-paypal.com/signin,1,curated
http://paypal.account-verify.com/login,1,curated
http://login-paypal.com/secure,1,curated
http://paypa1-secure.net/account,1,curated
http://mypa-ypal.com/webscr,1,curated
http://googIe.com/accounts/login,1,curated
http://g00gle.com/signin,1,curated
http://google-verify.com/account-security,1,curated
http://accounts.google-login.net,1,curated
http://google.com.phishing.xyz/accounts,1,curated
http://secure.google-account.tk,1,curated
http://rnicrosofft.com/login,1,curated
http://micros0ft.com/office365/login,1,curated
http://microsoft-account.com/signin,1,curated
http://login.outlook-secure.com,1,curated
http://update-microsoft.com/account,1,curated
http://microsoft.verify-account.ml,1,curated
http://arnazon.com/signin,1,curated
http://amazоn.com/gp/signin,1,curated
http://amazon-verify.com/account,1,curated
http://account-amazon.com/login,1,curated
http://amazon.security-check.tk/login,1,curated
http://amazon-prime.cf/signin,1,curated
http://secure-apple-id.com/signin,1,curated
http://appleid-verify.com,1,curated
http://apple-account.net/signin,1,curated
http://icloud-verify.com/login,1,curated
http://apple.com.login.phish.xyz,1,curated
http://id-apple-support.com,1,curated
http://faceb00k.com/login,1,curated
http://faceb0ok.com/account,1,curated
http://facebook-secure.com/login.php,1,curated
http://login-facebook.ml/session,1,curated
http://facebook.account-verify.tk,1,curated
http://facebok.com/login.php,1,curated
http://netf1ix.com/login,1,curated
http://netflix-billing.com/update,1,curated
http://netflix-account.net/signin,1,curated
http://netflix.account-secure.ml,1,curated
http://secure-netflix.com/account/login,1,curated
http://netflixsupport.tk,1,curated
http://192.168.1.1/login,1,curated
http://10.0.0.1/webscr,1,curated
http://203.45.67.89/account/verify,1,curated
http://185.220.101.5/signin,1,curated
http://45.33.32.156/login.php,1,curated
http://104.21.45.67/account,1,curated
http://198.211.108.12/webscr?cmd=login,1,curated
http://91.108.4.33/secure,1,curated
http://secure-login.tk/account,1,curated
http://bankverify.ml/login,1,curated
http://myaccount-verify.ga/secure,1,curated
http://login-secure.cf/account,1,curated
http://verify-now.gq/signin,1,curated
http://secure-banking.xyz/login,1,curated
http://account-update.top/verify,1,curated
http://login-verify.club/secure,1,curated
http://banking-secure.online/account,1,curated
http://mybank-update.site/login,1,curated
http://secure-verify.work/account,1,curated
http://account-confirm.click/login,1,curated
http://paypal.com.evil-hacker.com/login,1,curated
http://google.com.phish.net/accounts,1,curated
http://secure.amazon.account.update.bad.com/login,1,curated
http://apple.icloud.signin.verify.tk/account,1,curated
http://login.microsoft.office365.update.ml/auth,1,curated
http://account.google.security.verify.xyz/signin,1,curated
http://paypal.secure.verify.account.tk/login,1,curated
http://amazon.account.billing.update.ml/signin,1,curated
http://chase-online.com/login,1,curated
http://chase-secure.net/signin,1,curated
http://wellsfargo-online.com/signin,1,curated
http://bankofamerica-login.com,1,curated
http://citibank-update.com/account,1,curated
http://secure-banking.online/login,1,curated
http://bank-account-verify.com/secure,1,curated
http://online-banking-verify.net/login,1,curated
http://google.com@evil.com/login,1,curated
http://paypal.com@phish.xyz/account,1,curated
http://amazon.com@attacker.tk/signin,1,curated
http://apple.com@192.168.1.1/login,1,curated
http://bit.ly/phish123,1,curated
http://tinyurl.com/fakepaypal,1,curated
http://goo.gl/scam456,1,curated
http://ow.ly/fakegoogle,1,curated
http://t.co/phishlink,1,curated
http://is.gd/fakeamazon,1,curated
http://evil.com/login?redirect=https://paypal.com,1,curated
http://phish.xyz/signin?url=google.com&steal=1,1,curated
http://attacker.ml/account?next=amazon.com/cart,1,curated
http://malicious.tk/auth?return=facebook.com,1,curated
http://p%61ypal.com/login,1,curated
http://g%6f%6fgle.com/signin,1,curated
http://amaz%6fn.com/account,1,curated
http://micr%6fs%6fft.com/login,1,curated
http://xn--pypal-4ve.com/login,1,curated
http://xn--80ak6aa92e.com/,1,curated
http://xn--googl-fsa.com/accounts,1,curated
http://evil.com/invoice.pdf.html,1,curated
http://phish.net/document.doc.php,1,curated
http://attacker.xyz/receipt.pdf.exe,1,curated
http://malware.tk/file.jpg.php,1,curated
http://secure-login.com/auth?user=x&pass=y&token=z&id=1&redirect=evil&cmd=login&action=verify,1,curated
http://phish.xyz/signin?a=1&b=2&c=3&d=4&e=5&f=6&g=7&h=8&i=9&j=10,1,curated
http://PaYpAl-SeCuRe.com/login,1,curated
http://GoOgLe-VeRiFy.com/accounts,1,curated
http://evil.com/paypal/login/secure/verify/account/update,1,curated
http://attacker.net/google/accounts/signin/verify/security/check,1,curated
http://phish.xyz/apple/id/signin/auth/verify/account/update/secure,1,curated
http://totally-legit-secure-bank-login.com/account/verify/now,1,curated
http://secure.paypa1-login.com/webscr?cmd=_login-run,1,curated
http://www.paypal.com.secure-login.xyz/account,1,curated
http://login.secure-microsoft.net/office365,1,curated
http://verify.amazon.co.uk.attacker.com/account,1,curated
http://signin.apple.com.phishing-site.tk/apple-id,1,curated
http://accounts.google.com-verify.ml/signin,1,curated
http://apple-id.com/signin/verify,1,curated
http://icloud-login.net/signin,1,curated
http://account-recover.com/password-reset,1,curated
http://secure-verify.net/login,1,curated
http://banking-login.com/account,1,curated
http://update-account.com/login,1,curated
http://password-reset-now.com/account,1,curated
http://credential-verify.com/login,1,curated
https://www.google.com,0,curated
https://mail.google.com/mail/u/0,0,curated
https://accounts.google.com/signin/v2/identifier,0,curated
https://drive.google.com/drive/my-drive,0,curated
https://docs.google.com/document/d/1,0,curated
https://maps.google.com,0,curated
https://play.google.com/store,0,curated
https://translate.google.com,0,curated
https://www.facebook.com,0,curated
https://www.facebook.com/login,0,curated
https://m.facebook.com/home.php,0,curated
https://developers.facebook.com,0,curated
https://business.facebook.com/overview,0,curated
https://www.paypal.com/signin,0,curated
https://www.paypal.com/us/home,0,curated
https://www.paypal.com/myaccount/summary,0,curated
https://developer.paypal.com/developer/applications,0,curated
https://login.microsoftonline.com/common/oauth2/v2.0/authorize,0,curated
https://www.microsoft.com/en-us/microsoft-365,0,curated
https://outlook.live.com/mail/0/inbox,0,curated
https://office.com,0,curated
https://teams.microsoft.com,0,curated
https://azure.microsoft.com/en-us/services/active-directory,0,curated
https://appleid.apple.com,0,curated
https://www.apple.com/store,0,curated
https://icloud.com,0,curated
https://developer.apple.com,0,curated
https://www.amazon.com,0,curated
https://www.amazon.com/gp/sign-in.html,0,curated
https://aws.amazon.com,0,curated
https://sellercentral.amazon.com,0,curated
https://www.amazon.co.uk,0,curated
https://smile.amazon.com,0,curated
https://github.com,0,curated
https://github.com/login,0,curated
https://api.github.com,0,curated
https://raw.githubusercontent.com/user/repo/main/file.py,0,curated
https://gist.github.com,0,curated
https://docs.github.com/en,0,curated
https://www.netflix.com,0,curated
https://www.netflix.com/login,0,curated
https://help.netflix.com/en,0,curated
https://www.netflix.com/browse,0,curated
https://twitter.com/login,0,curated
https://x.com/home,0,curated
https://api.twitter.com/2/tweets,0,curated
https://mobile.twitter.com,0,curated
https://www.linkedin.com/login,0,curated
https://www.linkedin.com/feed,0,curated
https://api.linkedin.com/v2/me,0,curated
https://business.linkedin.com,0,curated
https://www.reddit.com,0,curated
https://old.reddit.com,0,curated
https://www.reddit.com/r/python,0,curated
https://oauth.reddit.com/api/v1/me,0,curated
https://www.youtube.com,0,curated
https://studio.youtube.com,0,curated
https://www.youtube.com/watch?v=dQw4w9WgXcQ,0,curated
https://www.wikipedia.org,0,curated
https://en.wikipedia.org/wiki/Phishing,0,curated
https://stackoverflow.com/questions,0,curated
https://www.yahoo.com,0,curated
https://www.ebay.com,0,curated
https://www.ebay.com/signin,0,curated
https://www.spotify.com,0,curated
https://open.spotify.com,0,curated
https://discord.com/login,0,curated
https://discordapp.com,0,curated
https://www.twitch.tv,0,curated
https://www.reddit.com/user/me,0,curated
https://dropbox.com/login,0,curated
https://www.dropbox.com/home,0,curated
https://www.tiktok.com/login,0,curated
https://www.snapchat.com,0,curated
https://www.chase.com/personal/banking,0,curated
https://www.wellsfargo.com/online-banking/sign-on,0,curated
https://www.bankofamerica.com/online-banking,0,curated
https://online.citibank.com/US/login.do,0,curated
https://developer.mozilla.org/en-US/docs/Web,0,curated
https://docs.python.org/3,0,curated
https://www.w3schools.com/python,0,curated
https://www.npmjs.com/package/react,0,curated
https://pypi.org/project/fastapi,0,curated
https://hub.docker.com/r/python/python,0,curated
https://console.aws.amazon.com/console/home,0,curated
https://cloud.google.com/console,0,curated
https://portal.azure.com,0,curated
https://www.bbc.com/news,0,curated
https://edition.cnn.com,0,curated
https://www.nytimes.com,0,curated
https://www.reuters.com,0,curated
https://techcrunch.com,0,curated
https://www.wired.com,0,curated
https://www.shopify.com,0,curated
https://app.shopify.com/store,0,curated
https://www.stripe.com,0,curated
https://dashboard.stripe.com,0,curated
https://www.twilio.com,0,curated
https://console.twilio.com,0,curated
https://www.salesforce.com,0,curated
https://login.salesforce.com,0,curated
https://slack.com/signin,0,curated
https://app.slack.com/client,0,curated
https://zoom.us/signin,0,curated
https://app.zoom.us/wc/join,0,curated
https://notion.so/login,0,curated
https://www.notion.so,0,curated
https://trello.com/login,0,curated
https://jira.atlassian.com,0,curated
https://asana.com/,0,curated
https://monday.com/login,0,curated
https://www.bing.com/search?q=python,0,curated
https://duckduckgo.com/?q=phishing,0,curated
https://www.cloudflare.com,0,curated
https://dash.cloudflare.com,0,curated
https://www.digitalocean.com,0,curated
https://cloud.digitalocean.com,0,curated
https://www.heroku.com,0,curated
https://dashboard.heroku.com,0,curated
https://vercel.com,0,curated
https://app.vercel.com,0,curated
https://www.netlify.com,0,curated
https://app.netlify.com,0,curated
