url,label,fetch_success,url_length,hostname_length,path_length,query_length,url_depth,num_params,has_ip,has_at,has_port,double_slash,prefix_suffix,sub_domain_count,excessive_dots,numeric_subdomain,punycode_present,https_token,is_shortening,tld_risk_score,has_redirect_param,double_extension,hex_encoded,domain_entropy,digit_ratio,special_char_count,consonant_ratio,longest_word_length,brand_impersonation_score,subdomain_brand_match,suspicious_keywords,login_path_score,levenshtein_min,levenshtein_ratio,text_length,password_fields,text_email_fields,forms,external_links,iframes,scripts,login_indicators,credential_indicators,payment_indicators,urgency_indicators,brand_indicators
http://paypa1.com/login,1,True,23,10,6,0,1,0,0,0,0,0,0,0,0,0,0,0,0,0.1,0,0,0,2.9219,0.0435,0,0.625,5,0.9,0,1,0.3333,1,0.1,1499,0,0,0,16,0,0,5,0,21,0,9
http://paypai.com/webscr?cmd=login,1,False,34,10,7,9,1,1,0,0,0,0,0,0,0,0,0,0,0,0.1,0,0,0,2.9219,0.0,2,0.5556,6,0.9,0,3,0.3333,1,0.1,0,0,0,0,0,0,0,0,0,0,0,0
http://paypal-secure.com/account/login,1,False,38,17,14,0,2,0,0,0,0,0,1,0,0,0,0,0,0,0.1,0,0,0,3.6169,0.0,0,0.6,7,0.85,0,3,0.6667,7,0.4118,0,0,0,0,0,0,0,0,0,0,0,0
http://secure-paypal.com/signin,1,True,31,17,7,0,1,0,0,0,0,0,1,0,0,0,0,0,0,0.1,0,0,0,3.6169,0.0,0,0.6,6,0.85,0,2,0.3333,7,0.4118,186,0,0,0,1,0,0,0,0,1,0,0
http://paypal.account-verify.com/login,1,True,38,25,6,0,1,0,0,0,0,0,1,1,0,0,0,0,0,0.1,0,0,0,3.9435,0.0,0,0.6364,7,0.0,1,3,0.3333,9,0.5,4987,0,1,3,53,1,0,29,2,37,9,1
http://login-paypal.com/secure,1,False,30,16,7,0,1,0,0,0,0,0,1,0,0,0,0,0,0,0.1,0,0,0,3.5,0.0,0,0.6429,6,0.85,0,2,0.3333,6,0.375,0,0,0,0,0,0,0,0,0,0,0,0
http://paypa1-secure.net/account,1,False,32,17,8,0,1,0,0,0,0,0,1,0,0,0,0,0,0,0.15,0,0,0,3.5725,0.0312,0,0.5714,7,0.0,0,2,0.3333,11,0.6471,0,0,0,0,0,0,0,0,0,0,0,0
http://mypa-ypal.com/webscr,1,False,27,13,7,0,1,0,0,0,0,0,1,0,0,0,0,0,0,0.1,0,0,0,3.0851,0.0,0,0.7273,6,0.7692,0,1,0.3333,3,0.2308,0,0,0,0,0,0,0,0,0,0,0,0
http://googIe.com/accounts/login,1,False,32,10,15,0,2,0,0,0,0,0,0,0,0,0,0,0,0,0.1,0,0,0,2.6464,0.0,0,0.4444,8,0.9,0,2,0.6667,1,0.1,0,0,0,0,0,0,0,0,0,0,0,0
http://g00gle.com/signin,1,False,24,10,7,0,1,0,0,0,0,0,0,0,0,0,0,0,0,0.1,0,0,0,2.9219,0.0833,0,0.7143,6,0.8,0,1,0.3333,2,0.2,0,0,0,0,0,0,0,0,0,0,0,0
http://google-verify.com/account-security,1,False,41,17,17,0,1,0,0,0,0,0,1,0,0,0,0,0,0,0.1,0,0,0,3.5725,0.0,0,0.6,8,0.85,0,3,0.3333,7,0.4118,0,0,0,0,0,0,0,0,0,0,0,0
http://accounts.google-login.net,1,False,32,25,0,0,0,0,0,0,0,0,1,1,0,0,0,0,0,0.15,0,0,0,3.5435,0.0,0,0.5909,8,0.85,0,2,0.0,9,0.5625,0,0,0,0,0,0,0,0,0,0,0,0
http://google.com.phishing.xyz/accounts,1,True,39,23,9,0,1,0,0,0,0,0,0,2,0,0,0,0,0,0.8,0,0,0,3.7294,0.0,0,0.7,8,0.85,1,1,0.3333,9,0.75,0,0,0,0,0,0,0,0,0,0,0,0
http://secure.google-account.tk,1,False,31,24,0,0,0,0,0,0,0,0,1,1,0,0,0,0,0,1.0,0,0,0,3.6573,0.0,0,0.5714,7,0.85,0,2,0.0,9,0.5294,0,0,0,0,0,0,0,0,0,0,0,0
http://rnicrosofft.com/login,1,False,28,15,6,0,1,0,0,0,0,0,0,0,0,0,0,0,1,0.1,0,0,0,3.1899,0.0,0,0.7143,11,0.8,0,1,0.3333,3,0.2,0,0,0,0,0,0,0,0,0,0,0,0
http://micros0ft.com/office365/login,1,False,36,13,16,0,2,0,0,0,0,0,0,0,0,0,0,0,1,0.1,0,0,0,3.2389,0.1111,0,0.7273,5,0.9231,0,1,0.3333,1,0.0769,0,0,0,0,0,0,0,0,0,0,0,0
http://microsoft-account.com/signin,1,True,35,21,7,0,1,0,0,0,0,0,1,0,0,0,0,0,1,0.1,0,0,0,3.4399,0.0,0,0.6316,9,0.85,0,2,0.3333,8,0.381,1999,0,0,1,111,0,0,1,1,0,0,10
http://login.outlook-secure.com,1,False,31,24,0,0,0,0,0,0,0,0,1,1,0,0,0,0,0,0.1,0,0,0,3.6846,0.0,0,0.5238,7,0.85,0,2,0.0,7,0.3889,0,0,0,0,0,0,0,0,0,0,0,0
http://update-microsoft.com/account,1,True,35,20,8,0,1,0,0,0,0,0,1,0,0,0,0,0,1,0.1,0,0,0,3.7842,0.0,0,0.6111,9,0.85,0,2,0.3333,7,0.35,1999,0,0,1,111,0,0,1,1,0,0,10
http://microsoft.verify-account.ml,1,False,34,27,0,0,0,0,0,0,0,0,1,1,0,0,0,0,0,1.0,0,0,0,3.9582,0.0,0,0.6667,9,0.0,1,2,0.0,12,0.7059,0,0,0,0,0,0,0,0,0,0,0,0
http://arnazon.com/signin,1,False,25,11,7,0,1,0,0,0,0,0,0,0,0,0,0,0,0,0.1,0,0,0,2.914,0.0,0,0.6,7,0.8182,0,1,0.3333,2,0.1818,0,0,0,0,0,0,0,0,0,0,0,0
http://amazоn.com/gp/signin,1,False,27,10,10,0,2,0,0,0,0,0,0,0,0,0,0,0,0,0.1,0,0,0,2.9219,0.0,0,0.5556,6,0.9,0,1,0.3333,1,0.1,0,0,0,0,0,0,0,0,0,0,0,0
http://amazon-verify.com/account,1,False,32,17,8,0,1,0,0,0,0,0,1,0,0,0,0,0,0,0.1,0,0,0,3.7345,0.0,0,0.6,7,0.85,0,2,0.3333,7,0.4118,0,0,0,0,0,0,0,0,0,0,0,0
http://account-amazon.com/login,1,False,31,18,6,0,1,0,0,0,0,0,1,0,0,0,0,0,0,0.1,0,0,0,3.1552,0.0,0,0.5625,7,0.85,0,2,0.3333,8,0.4444,0,0,0,0,0,0,0,0,0,0,0,0
http://amazon.security-check.tk/login,1,False,37,24,6,0,1,0,0,0,0,0,1,1,0,0,0,0,0,1.0,0,0,0,3.9702,0.0,0,0.6667,8,0.0,1,2,0.3333,11,0.6471,0,0,0,0,0,0,0,0,0,0,0,0
http://amazon-prime.cf/signin,1,False,29,15,7,0,1,0,0,0,0,0,1,0,0,0,0,0,0,1.0,0,0,0,3.6402,0.0,0,0.6154,6,0.85,0,1,0.3333,8,0.5333,0,0,0,0,0,0,0,0,0,0,0,0
http://secure-apple-id.com/signin,1,False,33,19,7,0,1,0,0,0,0,0,1,0,0,0,0,0,0,0.1,0,0,0,3.6819,0.0,0,0.5625,6,0.85,0,2,0.3333,10,0.5263,0,0,0,0,0,0,0,0,0,0,0,0
http://appleid-verify.com,1,False,25,18,0,0,0,0,0,0,0,0,1,0,0,0,0,0,0,0.1,0,0,0,3.8366,0.0,0,0.625,7,0.85,0,1,0.0,9,0.5,0,0,0,0,0,0,0,0,0,0,0,0
http://apple-account.net/signin,1,False,31,17,7,0,1,0,0,0,0,0,1,0,0,0,0,0,0,0.15,0,0,0,3.3816,0.0,0,0.6,7,0.85,0,2,0.3333,10,0.5882,0,0,0,0,0,0,0,0,0,0,0,0
http://icloud-verify.com/login,1,False,30,17,6,0,1,0,0,0,0,0,1,0,0,0,0,0,0,0.1,0,0,0,3.7345,0.0,0,0.6,6,0.0,0,2,0.3333,9,0.5294,0,0,0,0,0,0,0,0,0,0,0,0
http://apple.com.login.phish.xyz,1,True,32,25,0,0,0,0,0,0,0,0,0,3,1,0,0,0,0,0.8,0,0,0,3.8137,0.0,0,0.7143,5,0.85,1,1,0.0,6,0.6667,0,0,0,0,0,0,0,0,0,0,0,0
http://id-apple-support.com,1,False,27,20,0,0,0,0,0,0,0,0,1,0,0,0,0,0,1,0.1,0,0,0,3.7219,0.0,0,0.6471,7,0.85,0,1,0.0,11,0.55,0,0,0,0,0,0,0,0,0,0,0,0
http://faceb00k.com/login,1,True,25,12,6,0,1,0,0,0,0,0,0,0,0,0,0,0,0,0.1,0,0,0,3.2516,0.08,0,0.6667,5,0.8333,0,1,0.3333,2,0.1667,10,0,0,0,0,0,0,0,0,0,0,0
http://faceb0ok.com/account,1,True,27,12,8,0,1,0,0,0,0,0,0,0,0,0,0,0,0,0.1,0,0,0,3.2516,0.037,0,0.6,7,0.9167,0,1,0.3333,1,0.0833,32,0,0,0,0,0,0,0,0,0,0,0
http://facebook-secure.com/login.php,1,False,36,19,10,0,1,0,0,0,0,0,1,0,0,0,0,0,0,0.1,0,0,0,3.4972,0.0,0,0.5294,8,0.85,0,2,0.3333,7,0.3684,0,0,0,0,0,0,0,0,0,0,0,0
http://login-facebook.ml/session,1,False,32,17,8,0,1,0,0,0,0,0,1,0,0,0,0,0,0,1.0,0,0,0,3.6901,0.0,0,0.6,8,0.85,0,1,0.3333,9,0.5294,0,0,0,0,0,0,0,0,0,0,0,0
http://facebook.account-verify.tk,1,False,33,26,0,0,0,0,0,0,0,0,1,1,0,0,0,0,0,1.0,0,0,0,3.8731,0.0,0,0.6087,8,0.0,1,2,0.0,12,0.7059,0,0,0,0,0,0,0,0,0,0,0,0
http://facebok.com/login.php,1,True,28,11,10,0,1,0,0,0,0,0,0,0,0,0,0,0,0,0.1,0,0,0,3.0958,0.0,0,0.6,7,0.9167,0,1,0.3333,1,0.0833,8,0,0,0,0,0,0,0,0,0,0,1
http://netf1ix.com/login,1,False,24,11,6,0,1,0,0,0,0,0,0,0,0,0,0,0,0,0.1,0,0,0,3.4594,0.0417,0,0.6667,5,0.9091,0,1,0.3333,1,0.0909,0,0,0,0,0,0,0,0,0,0,0,0
http://netflix-billing.com/update,1,False,33,19,7,0,1,0,0,0,0,0,1,0,0,0,0,0,0,0.1,0,0,0,3.6421,0.0,0,0.7059,7,0.85,0,1,0.0,8,0.4211,0,0,0,0,0,0,0,0,0,0,0,0
http://netflix-account.net/signin,1,True,33,19,7,0,1,0,0,0,0,0,1,0,0,0,0,0,0,0.15,0,0,0,3.5369,0.0,0,0.6471,7,0.85,0,2,0.3333,10,0.5263,620,0,1,1,0,0,0,5,1,2,2,1
http://netflix.account-secure.ml,1,False,32,25,0,0,0,0,0,0,0,0,1,1,0,0,0,0,0,1.0,0,0,0,3.8635,0.0,0,0.6364,7,0.0,1,2,0.0,12,0.7059,0,0,0,0,0,0,0,0,0,0,0,0
http://secure-netflix.com/account/login,1,False,39,18,14,0,2,0,0,0,0,0,1,0,0,0,0,0,0,0.1,0,0,0,3.7947,0.0,0,0.625,7,0.85,0,3,0.6667,7,0.3889,0,0,0,0,0,0,0,0,0,0,0,0
http://netflixsupport.tk,1,False,24,17,0,0,0,0,0,0,0,0,0,0,0,0,0,0,0,1.0,0,0,0,3.6901,0.0,0,0.75,14,0.85,0,1,0.0,9,0.5294,0,0,0,0,0,0,0,0,0,0,0,0
http://192.168.1.1/login,1,False,24,11,6,0,1,0,1,0,0,0,0,2,0,1,0,0,0,0.3,0,0,0,2.2999,0.3333,0,0.0,5,0.0,0,1,0.3333,4,0.8,0,0,0,0,0,0,0,0,0,0,0,0
http://10.0.0.1/webscr,1,False,22,8,7,0,1,0,1,0,0,0,0,2,0,1,0,0,0,0.3,0,0,0,1.5613,0.2273,0,0.0,6,0.0,0,1,0.3333,4,0.8,0,0,0,0,0,0,0,0,0,0,0,0
http://203.45.67.89/account/verify,1,False,34,12,15,0,2,0,1,0,0,0,0,2,0,1,0,0,0,0.3,0,0,0,3.1887,0.2647,0,0.0,7,0.0,0,2,0.3333,5,1.0,0,0,0,0,0,0,0,0,0,0,0,0
http://185.220.101.5/signin,1,False,27,13,7,0,1,0,1,0,0,0,0,2,0,1,0,0,0,0.3,0,0,0,2.5074,0.3704,0,0.0,6,0.0,0,1,0.3333,5,1.0,0,0,0,0,0,0,0,0,0,0,0,0
http://45.33.32.156/login.php,1,False,29,12,10,0,1,0,1,0,0,0,0,2,0,1,0,0,0,0.3,0,0,0,2.6258,0.3103,0,0.0,5,0.0,0,1,0.3333,5,0.8333,0,0,0,0,0,0,0,0,0,0,0,0
http://104.21.45.67/account,1,False,27,12,8,0,1,0,1,0,0,0,0,2,0,1,0,0,0,0.3,0,0,0,2.8554,0.3333,0,0.0,7,0.0,0,1,0.3333,5,1.0,0,0,0,0,0,0,0,0,0,0,0,0
http://198.211.108.12/webscr?cmd=login,1,False,38,14,7,9,1,1,1,0,0,0,0,2,0,1,0,0,0,0.3,0,0,0,2.3527,0.2895,2,0.0,6,0.0,0,3,0.3333,6,1.0,0,0,0,0,0,0,0,0,0,0,0,0
http://91.108.4.33/secure,1,False,25,11,7,0,1,0,1,0,0,0,0,2,0,1,0,0,0,0.3,0,0,0,2.6635,0.32,0,0.0,6,0.0,0,1,0.3333,4,0.8,0,0,0,0,0,0,0,0,0,0,0,0
http://secure-login.tk/account,1,False,30,15,8,0,1,0,0,0,0,0,1,0,0,0,0,0,0,1.0,0,0,0,3.7736,0.0,0,0.6154,7,0.0,0,3,0.3333,12,0.8,0,0,0,0,0,0,0,0,0,0,0,0
http://bankverify.ml/login,1,False,26,13,6,0,1,0,0,0,0,0,0,0,0,0,0,0,0,1.0,0,0,0,3.7004,0.0,0,0.75,10,0.0,0,2,0.3333,9,0.6923,0,0,0,0,0,0,0,0,0,0,0,0
http://myaccount-verify.ga/secure,1,False,33,19,7,0,1,0,0,0,0,0,1,0,0,0,0,0,0,1.0,0,0,0,3.9321,0.0,0,0.6471,9,0.0,0,3,0.3333,14,0.7368,0,0,0,0,0,0,0,0,0,0,0,0
http://login-secure.cf/account,1,False,30,15,8,0,1,0,0,0,0,0,1,0,0,0,0,0,0,1.0,0,0,0,3.6402,0.0,0,0.6154,7,0.0,0,3,0.3333,10,0.6667,0,0,0,0,0,0,0,0,0,0,0,0
http://verify-now.gq/signin,1,False,27,13,7,0,1,0,0,0,0,0,1,0,0,0,0,0,0,1.0,0,0,0,3.7004,0.0,0,0.7273,6,0.0,0,2,0.3333,10,0.7692,0,0,0,0,0,0,0,0,0,0,0,0
http://secure-banking.xyz/login,1,False,31,18,6,0,1,0,0,0,0,0,1,0,0,0,0,0,0,0.8,0,0,0,3.9477,0.0,0,0.6875,7,0.85,0,3,0.3333,12,0.6667,0,0,0,0,0,0,0,0,0,0,0,0
http://account-update.top/verify,1,False,32,18,7,0,1,0,0,0,0,0,1,0,0,0,0,0,0,0.85,0,0,0,3.3502,0.0,0,0.5625,7,0.0,0,3,0.0,11,0.6111,0,0,0,0,0,0,0,0,0,0,0,0
http://login-verify.club/secure,1,False,31,17,7,0,1,0,0,0,0,0,1,0,0,0,0,0,0,0.7,0,0,0,3.8522,0.0,0,0.6667,6,0.0,0,3,0.3333,10,0.5882,0,0,0,0,0,0,0,0,0,0,0,0
http://banking-secure.online/account,1,False,36,21,8,0,1,0,0,0,0,0,1,0,0,0,0,0,0,0.75,0,0,0,3.6897,0.0,0,0.5789,7,0.0,0,3,0.3333,15,0.7143,0,0,0,0,0,0,0,0,0,0,0,0
http://mybank-update.site/login,1,False,31,18,6,0,1,0,0,0,0,0,1,0,0,0,0,0,0,0.75,0,0,0,3.8366,0.0,0,0.625,6,0.0,0,2,0.3333,14,0.7778,0,0,0,0,0,0,0,0,0,0,0,0
http://secure-verify.work/account,1,False,33,18,8,0,1,0,0,0,0,0,1,0,0,0,0,0,0,0.8,0,0,0,3.6416,0.0,0,0.625,7,0.0,0,3,0.3333,12,0.6667,0,0,0,0,0,0,0,0,0,0,0,0
http://account-confirm.click/login,1,False,34,21,6,0,1,0,0,0,0,0,1,0,0,0,0,0,0,0.9,0,0,0,3.5538,0.0,0,0.6842,7,0.0,0,3,0.3333,15,0.7143,0,0,0,0,0,0,0,0,0,0,0,0
http://paypal.com.evil-hacker.com/login,1,False,39,26,6,0,1,0,0,0,0,0,1,2,0,0,0,0,0,0.1,0,0,0,3.7672,0.0,0,0.6364,6,0.0,1,1,0.3333,8,0.5333,0,0,0,0,0,0,0,0,0,0,0,0
http://google.com.phish.net/accounts,1,False,36,20,9,0,1,0,0,0,0,0,0,2,0,0,0,0,0,0.15,0,0,0,3.5464,0.0,0,0.6471,8,0.0,1,1,0.3333,6,0.6667,0,0,0,0,0,0,0,0,0,0,0,0
http://secure.amazon.account.update.bad.com/login,1,False,49,36,6,0,1,0,0,0,0,0,0,4,1,0,0,0,0,0.1,0,0,0,3.6843,0.0,0,0.5484,7,0.75,1,4,0.3333,2,0.25,0,0,0,0,0,0,0,0,0,0,0,0
http://apple.icloud.signin.verify.tk/account,1,False,44,29,8,0,1,0,0,0,0,0,0,3,1,0,0,0,0,1.0,0,0,0,4.0304,0.0,0,0.64,7,0.0,1,3,0.3333,7,0.7778,0,0,0,0,0,0,0,0,0,0,0,0
http://login.microsoft.office365.update.ml/auth,1,False,47,35,5,0,1,0,0,0,0,0,0,3,1,0,0,0,0,1.0,0,0,0,4.1147,0.0638,0,0.6071,9,0.0,1,3,0.3333,7,0.7778,0,0,0,0,0,0,0,0,0,0,0,0
http://account.google.security.verify.xyz/signin,1,False,48,34,7,0,1,0,0,0,0,0,0,3,1,0,0,0,0,0.8,0,0,0,3.9987,0.0,0,0.6333,8,0.85,1,4,0.3333,7,0.7,0,0,0,0,0,0,0,0,0,0,0,0
http://paypal.secure.verify.account.tk/login,1,False,44,31,6,0,1,0,0,0,0,0,0,3,1,0,0,0,0,1.0,0,0,0,3.9134,0.0,0,0.6296,7,0.0,1,4,0.3333,8,0.8,0,0,0,0,0,0,0,0,0,0,0,0
http://amazon.account.billing.update.ml/signin,1,False,46,32,7,0,1,0,0,0,0,0,0,3,1,0,0,0,0,1.0,0,0,0,3.8278,0.0,0,0.6071,7,0.0,1,3,0.3333,7,0.7778,0,0,0,0,0,0,0,0,0,0,0,0
http://chase-online.com/login,1,False,29,16,6,0,1,0,0,0,0,0,1,0,0,0,0,0,0,0.1,0,0,0,3.5,0.0,0,0.5714,6,0.85,0,1,0.3333,7,0.4375,0,0,0,0,0,0,0,0,0,0,0,0
http://chase-secure.net/signin,1,False,30,16,7,0,1,0,0,0,0,0,1,0,0,0,0,0,0,0.15,0,0,0,3.25,0.0,0,0.5714,6,0.85,0,2,0.3333,10,0.625,0,0,0,0,0,0,0,0,0,0,0,0
http://wellsfargo-online.com/signin,1,True,35,21,7,0,1,0,0,0,0,0,1,0,0,0,0,0,0,0.1,0,0,0,3.749,0.0,0,0.6316,10,0.85,0,1,0.3333,7,0.3333,11726,1,3,4,47,0,0,23,20,58,2,66
http://bankofamerica-login.com,1,False,30,23,0,0,0,0,0,0,0,0,1,0,0,0,0,0,0,0.1,0,0,0,3.7623,0.0,0,0.5714,13,0.85,0,1,0.0,6,0.2609,0,0,0,0,0,0,0,0,0,0,0,0
http://citibank-update.com/account,1,False,34,19,8,0,1,0,0,0,0,0,1,0,0,0,0,0,0,0.1,0,0,0,3.8269,0.0,0,0.5882,8,0.85,0,2,0.3333,7,0.3684,0,0,0,0,0,0,0,0,0,0,0,0
http://secure-banking.online/login,1,False,34,21,6,0,1,0,0,0,0,0,1,0,0,0,0,0,0,0.75,0,0,0,3.6897,0.0,0,0.5789,7,0.0,0,3,0.3333,15,0.7143,0,0,0,0,0,0,0,0,0,0,0,0
http://bank-account-verify.com/secure,1,False,37,23,7,0,1,0,0,0,0,0,1,0,0,0,0,0,0,0.1,0,0,0,3.969,0.0,0,0.65,7,0.0,0,3,0.3333,11,0.4783,0,0,0,0,0,0,0,0,0,0,0,0
http://online-banking-verify.net/login,1,False,38,25,6,0,1,0,0,0,0,0,1,0,0,0,0,0,0,0.15,0,0,0,3.7191,0.0,0,0.6364,7,0.0,0,3,0.3333,17,0.68,0,0,0,0,0,0,0,0,0,0,0,0
http://google.com@evil.com/login,1,False,32,8,6,0,1,0,0,1,0,0,0,0,0,0,0,0,0,0.1,0,0,0,3.0,0.0,0,0.5714,6,0.625,0,1,0.3333,3,0.375,0,0,0,0,0,0,0,0,0,0,0,0
http://paypal.com@phish.xyz/account,1,True,35,9,8,0,1,0,0,1,0,0,0,0,0,0,0,0,0,0.8,0,0,0,2.9477,0.0,0,0.875,7,0.85,0,1,0.3333,6,0.6667,0,0,0,0,0,0,0,0,0,0,0,0
http://amazon.com@attacker.tk/signin,1,False,36,11,7,0,1,0,0,1,0,0,0,0,0,0,0,0,0,1.0,0,0,0,2.6635,0.0,0,0.7,6,0.0,0,1,0.3333,8,0.7273,0,0,0,0,0,0,0,0,0,0,0,0
http://apple.com@192.168.1.1/login,1,False,34,11,6,0,1,0,1,1,0,0,0,2,0,1,0,0,0,0.3,0,0,0,2.2999,0.2353,0,0.0,5,0.0,0,1,0.3333,4,0.8,0,0,0,0,0,0,0,0,0,0,0,0
http://bit.ly/phish123,1,False,22,6,9,0,1,0,0,0,0,0,0,0,0,0,0,0,1,0.3,0,0,0,2.585,0.1364,0,0.8,3,0.0,0,0,0.0,6,1.0,0,0,0,0,0,0,0,0,0,0,0,0
http://tinyurl.com/fakepaypal,1,False,29,11,11,0,1,0,0,0,0,0,0,0,0,0,0,0,1,0.1,0,0,0,3.4594,0.0,0,0.7,10,0.0,0,0,0.0,5,0.4545,0,0,0,0,0,0,0,0,0,0,0,0
http://goo.gl/scam456,1,False,21,6,8,0,1,0,0,0,0,0,0,0,0,0,0,0,1,0.3,0,0,0,1.9183,0.1429,0,0.6,3,0.0,0,0,0.0,6,0.6,0,0,0,0,0,0,0,0,0,0,0,0
http://ow.ly/fakegoogle,1,True,23,5,11,0,1,0,0,0,0,0,0,0,0,0,0,0,1,0.3,0,0,0,2.3219,0.0,0,0.75,10,0.0,0,0,0.0,5,1.0,3929,0,1,0,32,0,0,0,1,0,1,1
http://t.co/phishlink,1,False,21,4,10,0,1,0,0,0,0,0,0,0,0,0,0,0,1,0.2,0,0,0,2.0,0.0,0,0.6667,9,0.0,0,0,0.0,2,0.4,0,0,0,0,0,0,0,0,0,0,0,0
http://is.gd/fakeamazon,1,False,23,5,11,0,1,0,0,0,0,0,0,0,0,0,0,0,1,0.3,0,0,0,2.3219,0.0,0,0.75,10,0.0,0,0,0.0,5,1.0,0,0,0,0,0,0,0,0,0,0,0,0
http://evil.com/login?redirect=https://paypal.com,1,False,49,8,6,27,1,1,0,0,0,0,0,0,0,0,0,0,0,0.1,1,0,0,3.0,0.0,2,0.5714,8,0.625,0,1,0.3333,3,0.375,0,0,0,0,0,0,0,0,0,0,0,0
http://phish.xyz/signin?url=google.com&steal=1,1,True,46,9,7,22,1,2,0,0,0,0,0,0,0,0,0,0,0,0.8,1,0,0,2.9477,0.0217,4,0.875,6,0.85,0,1,0.3333,6,0.6667,0,0,0,0,0,0,0,0,0,0,0,0
http://attacker.ml/account?next=amazon.com/cart,1,False,47,11,8,20,1,1,0,0,0,0,0,0,0,0,0,0,0,1.0,1,0,0,3.0958,0.0,2,0.7,8,0.0,0,1,0.3333,8,0.7273,0,0,0,0,0,0,0,0,0,0,0,0
http://malicious.tk/auth?return=facebook.com,1,False,44,12,5,19,1,1,0,0,0,0,0,0,0,0,0,0,0,1.0,1,0,0,3.4183,0.0,2,0.5455,9,0.0,0,1,0.3333,9,0.75,0,0,0,0,0,0,0,0,0,0,0,0
http://p%61ypal.com/login,1,True,25,12,6,0,1,0,0,0,0,0,0,0,0,0,0,0,0,0.1,0,0,1,3.4183,0.08,1,0.75,5,0.75,0,1,0.3333,3,0.25,76,0,0,1,0,1,0,0,1,0,0,0
http://g%6f%6fgle.com/signin,1,False,28,14,7,0,1,0,0,0,0,0,0,0,0,0,0,0,0,0.1,0,0,1,3.2359,0.0714,2,0.7778,6,0.0,0,1,0.3333,6,0.4286,0,0,0,0,0,0,0,0,0,0,0,0
http://amaz%6fn.com/account,1,True,27,12,8,0,1,0,0,0,0,0,0,0,0,0,0,0,0,0.1,0,0,1,3.2516,0.037,1,0.6667,7,0.75,0,1,0.3333,3,0.25,2495,1,1,3,0,0,0,11,2,3,0,6
http://micr%6fs%6fft.com/login,1,False,30,17,6,0,1,0,0,0,0,0,0,0,0,0,0,0,1,0.1,0,0,1,3.3372,0.0667,2,0.8333,5,0.6471,0,1,0.3333,6,0.3529,0,0,0,0,0,0,0,0,0,0,0,0
http://xn--pypal-4ve.com/login,1,False,30,17,6,0,1,0,0,0,0,0,1,0,0,0,1,0,0,0.1,0,0,0,3.6901,0.0333,0,0.75,5,0.85,0,1,0.3333,9,0.5294,0,0,0,0,0,0,0,0,0,0,0,0
http://xn--80ak6aa92e.com/,1,False,26,18,1,0,0,0,0,0,0,0,1,0,0,0,1,0,0,0.1,0,0,0,3.7947,0.1923,0,0.5,3,0.85,0,0,0.0,11,0.6111,0,0,0,0,0,0,0,0,0,0,0,0
http://xn--googl-fsa.com/accounts,1,True,33,17,9,0,1,0,0,0,0,0,1,0,0,0,1,0,0,0.1,0,0,0,3.4104,0.0,0,0.6923,8,0.85,0,1,0.3333,8,0.4706,10,0,0,0,0,0,0,0,0,0,0,0
http://evil.com/invoice.pdf.html,1,False,32,8,17,0,1,0,0,0,0,0,0,0,0,0,0,0,0,0.1,0,1,0,3.0,0.0,0,0.5714,7,0.625,0,0,0.0,3,0.375,0,0,0,0,0,0,0,0,0,0,0,0
http://phish.net/document.doc.php,1,False,33,9,17,0,1,0,0,0,0,0,0,0,0,0,0,0,0,0.15,0,1,0,2.9477,0.0,0,0.75,8,0.0,0,0,0.0,6,0.6667,0,0,0,0,0,0,0,0,0,0,0,0
http://attacker.xyz/receipt.pdf.exe,1,True,35,12,16,0,1,0,0,0,0,0,0,0,0,0,0,0,0,0.8,0,1,0,3.2516,0.0,0,0.7273,8,0.85,0,0,0.0,8,0.6667,0,0,0,0,0,0,0,0,0,0,0,0
http://malware.tk/file.jpg.php,1,False,30,10,13,0,1,0,0,0,0,0,0,0,0,0,0,0,0,1.0,0,1,0,3.1219,0.0,0,0.6667,7,0.0,0,0,0.0,8,0.8,0,0,0,0,0,0,0,0,0,0,0,0
http://secure-login.com/auth?user=x&pass=y&token=z&id=1&redirect=evil&cmd=login&action=verify,1,False,93,16,5,64,1,7,0,0,0,0,1,0,0,0,0,0,0,0.1,1,0,0,3.625,0.0108,14,0.5714,8,0.0,0,5,0.3333,9,0.5625,0,0,0,0,0,0,0,0,0,0,0,0
http://phish.xyz/signin?a=1&b=2&c=3&d=4&e=5&f=6&g=7&h=8&i=9&j=10,1,True,64,9,7,40,1,10,0,0,0,0,0,0,0,0,0,0,0,0.8,0,0,0,2.9477,0.1719,20,0.875,6,0.85,0,1,0.3333,6,0.6667,0,0,0,0,0,0,0,0,0,0,0,0
http://PaYpAl-SeCuRe.com/login,1,False,30,17,6,0,1,0,0,0,0,0,1,0,0,0,0,0,0,0.1,0,0,0,3.6169,0.0,0,0.6,6,0.85,0,2,0.3333,7,0.4118,0,0,0,0,0,0,0,0,0,0,0,0
http://GoOgLe-VeRiFy.com/accounts,1,False,33,17,9,0,1,0,0,0,0,0,1,0,0,0,0,0,0,0.1,0,0,0,3.5725,0.0,0,0.6,8,0.85,0,2,0.3333,7,0.4118,0,0,0,0,0,0,0,0,0,0,0,0
http://evil.com/paypal/login/secure/verify/account/update,1,False,57,8,42,0,6,0,0,0,0,0,0,0,0,0,0,0,0,0.1,0,0,0,3.0,0.0,0,0.5714,7,0.625,0,5,1.0,3,0.375,0,0,0,0,0,0,0,0,0,0,0,0
http://attacker.net/google/accounts/signin/verify/security/check,1,False,64,12,45,0,6,0,0,0,0,0,0,0,0,0,0,0,0,0.15,0,0,0,2.8554,0.0,0,0.6364,8,0.0,0,4,0.6667,8,0.6667,0,0,0,0,0,0,0,0,0,0,0,0
http://phish.xyz/apple/id/signin/auth/verify/account/update/secure,1,True,66,9,50,0,8,0,0,0,0,0,0,0,0,0,0,0,0,0.8,0,0,0,2.9477,0.0,0,0.875,7,0.85,0,6,1.0,6,0.6667,0,0,0,0,0,0,0,0,0,0,0,0
http://totally-legit-secure-bank-login.com/account/verify/now,1,False,61,35,19,0,3,0,0,0,0,0,1,0,0,0,0,0,0,0.1,0,0,0,3.9789,0.0,0,0.6333,7,0.0,0,4,0.3333,25,0.7143,0,0,0,0,0,0,0,0,0,0,0,0
http://secure.paypa1-login.com/webscr?cmd=_login-run,1,False,52,23,7,14,1,1,0,0,0,0,1,1,0,0,0,0,0,0.1,0,0,0,4.0018,0.0192,2,0.5789,6,0.625,0,4,0.3333,6,0.375,0,0,0,0,0,0,0,0,0,0,0,0
http://www.paypal.com.secure-login.xyz/account,1,False,46,31,8,0,1,0,0,0,0,0,1,3,1,0,0,0,0,0.8,0,0,0,4.0911,0.0,0,0.6923,7,0.85,1,3,0.3333,12,0.75,0,0,0,0,0,0,0,0,0,0,0,0
http://login.secure-microsoft.net/office365,1,False,43,26,10,0,1,0,0,0,0,0,1,1,0,0,0,0,0,0.15,0,0,0,3.7962,0.0698,0,0.6087,9,0.85,0,2,0.0,10,0.5,0,0,0,0,0,0,0,0,0,0,0,0
http://verify.amazon.co.uk.attacker.com/account,1,False,47,32,8,0,1,0,0,0,0,0,0,4,1,0,0,0,0,0.1,0,0,0,3.7775,0.0,0,0.5926,8,0.0,1,2,0.3333,5,0.4167,0,0,0,0,0,0,0,0,0,0,0,0
http://signin.apple.com.phishing-site.tk/apple-id,1,False,49,33,9,0,1,0,0,0,0,0,1,3,1,0,0,0,0,1.0,0,0,0,3.7755,0.0,0,0.6786,8,0.0,1,1,0.0,13,0.8125,0,0,0,0,0,0,0,0,0,0,0,0
http://accounts.google.com-verify.ml/signin,1,False,43,29,7,0,1,0,0,0,0,0,1,2,0,0,0,0,0,1.0,0,0,0,3.9783,0.0,0,0.64,8,0.0,1,3,0.3333,10,0.7692,0,0,0,0,0,0,0,0,0,0,0,0
http://apple-id.com/signin/verify,1,False,33,12,14,0,2,0,0,0,0,0,1,0,0,0,0,0,0,0.1,0,0,0,3.4183,0.0,0,0.6,6,0.85,0,2,0.3333,3,0.25,0,0,0,0,0,0,0,0,0,0,0,0
http://icloud-login.net/signin,1,False,30,16,7,0,1,0,0,0,0,0,1,0,0,0,0,0,0,0.15,0,0,0,3.5,0.0,0,0.5714,6,0.0,0,2,0.3333,11,0.6875,0,0,0,0,0,0,0,0,0,0,0,0
http://account-recover.com/password-reset,1,True,41,19,15,0,1,0,0,0,0,0,1,0,0,0,0,0,0,0.1,0,0,0,3.3661,0.0,0,0.5882,8,0.0,0,4,0.3333,10,0.5263,1070,0,0,0,0,0,0,0,0,2,0,0
http://secure-verify.net/login,1,False,30,17,6,0,1,0,0,0,0,0,1,0,0,0,0,0,0,0.15,0,0,0,3.4992,0.0,0,0.6,6,0.0,0,3,0.3333,12,0.7059,0,0,0,0,0,0,0,0,0,0,0,0
http://banking-login.com/account,1,False,32,17,8,0,1,0,0,0,0,0,1,0,0,0,0,0,0,0.1,0,0,0,3.4548,0.0,0,0.6667,7,0.0,0,3,0.3333,9,0.5294,0,0,0,0,0,0,0,0,0,0,0,0
http://update-account.com/login,1,False,31,18,6,0,1,0,0,0,0,0,1,0,0,0,0,0,1,0.1,0,0,0,3.4613,0.0,0,0.5625,7,0.0,0,3,0.3333,10,0.5556,0,0,0,0,0,0,0,0,0,0,0,0
http://password-reset-now.com/account,1,False,37,22,8,0,1,0,0,0,0,0,1,0,0,0,0,0,0,0.1,0,0,0,3.6635,0.0,0,0.6842,8,0.0,0,3,0.3333,14,0.6364,0,0,0,0,0,0,0,0,0,0,0,0
http://credential-verify.com/login,1,False,34,21,6,0,1,0,0,0,0,0,1,0,0,0,0,0,0,0.1,0,0,0,3.8802,0.0,0,0.6316,10,0.0,0,3,0.3333,12,0.5714,0,0,0,0,0,0,0,0,0,0,0,0
https://www.google.com,0,True,22,14,0,0,0,0,0,0,0,0,0,1,0,0,0,0,0,0.1,0,0,0,2.8424,0.0,0,0.6667,6,0.0,0,0,0.0,99,1.0,189,0,0,1,4,0,0,0,0,0,0,1
https://mail.google.com/mail/u/0,0,True,32,15,9,0,3,0,0,0,0,0,0,1,0,0,0,0,0,0.1,0,0,0,3.0566,0.0312,0,0.5385,6,0.0,0,0,0.0,99,1.0,875,1,1,2,4,0,0,2,0,0,0,0
https://accounts.google.com/signin/v2/identifier,0,True,48,19,21,0,3,0,0,0,0,0,0,1,0,0,0,0,0,0.1,0,0,0,3.3661,0.0208,0,0.5882,10,0.0,0,2,0.3333,99,1.0,898,1,1,2,2,0,0,3,0,0,0,2
https://drive.google.com/drive/my-drive,0,True,39,16,15,0,2,0,0,0,0,0,0,1,0,0,0,0,0,0.1,0,0,0,3.3278,0.0,0,0.5714,6,0.0,0,0,0.0,99,1.0,898,1,1,2,4,0,0,2,0,0,0,2
https://docs.google.com/document/d/1,0,False,36,15,13,0,3,0,0,0,0,0,0,1,0,0,0,0,0,0.1,0,0,0,2.9736,0.0278,0,0.6154,8,0.0,0,0,0.0,99,1.0,0,0,0,0,0,0,0,0,0,0,0,0
https://maps.google.com,0,True,23,15,0,0,0,0,0,0,0,0,0,1,0,0,0,0,0,0.1,0,0,0,3.1899,0.0,0,0.6154,6,0.0,0,0,0.0,99,1.0,2458,0,0,5,6,0,0,0,0,0,0,2
https://play.google.com/store,0,True,29,15,6,0,1,0,0,0,0,0,0,1,0,0,0,0,0,0.1,0,0,0,3.1899,0.0,0,0.6154,6,0.0,0,0,0.0,99,1.0,4248,0,0,0,10,0,0,1,0,1,0,3
https://translate.google.com,0,True,28,20,0,0,0,0,0,0,0,0,0,1,0,0,0,0,0,0.1,0,0,0,3.4842,0.0,0,0.6111,9,0.0,0,0,0.0,99,1.0,2093,0,0,5,6,0,0,0,0,0,0,2
https://www.facebook.com,0,True,24,16,0,0,0,0,0,0,0,0,0,1,0,0,0,0,0,0.1,0,0,0,3.1556,0.0,0,0.6429,8,0.0,0,0,0.0,99,1.0,8,0,0,0,0,0,0,0,0,0,0,1
https://www.facebook.com/login,0,True,30,16,6,0,1,0,0,0,0,0,0,1,0,0,0,0,0,0.1,0,0,0,3.1556,0.0,0,0.6429,8,0.0,0,1,0.3333,99,1.0,8,0,0,0,0,0,0,0,0,0,0,1
https://m.facebook.com/home.php,0,True,31,14,9,0,1,0,0,0,0,0,0,1,0,0,0,0,0,0.1,0,0,0,3.0391,0.0,0,0.5833,8,0.0,0,0,0.0,99,1.0,8,0,0,0,0,0,0,0,0,0,0,1
https://developers.facebook.com,0,True,31,23,0,0,0,0,0,0,0,0,0,1,0,0,0,0,0,0.1,0,0,0,3.654,0.0,0,0.5714,10,0.0,0,0,0.0,99,1.0,3028,0,0,0,2,4,0,2,0,0,1,4
https://business.facebook.com/overview,0,True,38,21,9,0,1,0,0,0,0,0,0,1,0,0,0,0,0,0.1,0,0,0,3.5585,0.0,0,0.5789,8,0.0,0,0,0.0,99,1.0,50,0,0,0,0,0,0,0,0,0,0,1
https://www.paypal.com/signin,0,True,29,14,7,0,1,0,0,0,0,0,0,1,0,0,0,0,0,0.1,0,0,0,3.0391,0.0,0,0.75,6,0.0,0,1,0.3333,99,1.0,76,0,0,1,0,1,0,0,1,0,0,0
https://www.paypal.com/us/home,0,True,30,14,8,0,2,0,0,0,0,0,0,1,0,0,0,0,0,0.1,0,0,0,3.0391,0.0,0,0.75,6,0.0,0,0,0.0,99,1.0,8628,0,0,0,13,0,0,11,0,129,2,46
https://www.paypal.com/myaccount/summary,0,True,40,14,18,0,2,0,0,0,0,0,0,1,0,0,0,0,0,0.1,0,0,0,3.0391,0.0,0,0.75,9,0.0,0,1,0.3333,99,1.0,76,0,0,1,0,1,0,0,1,0,0,0
https://developer.paypal.com/developer/applications,0,True,51,20,23,0,2,0,0,0,0,0,0,1,0,0,0,0,0,0.1,0,0,0,3.4464,0.0,0,0.6111,12,0.0,0,0,0.0,99,1.0,76,0,0,1,0,1,0,0,1,0,0,0
https://login.microsoftonline.com/common/oauth2/v2.0/authorize,0,True,62,25,29,0,4,0,0,0,0,0,0,1,0,0,0,0,0,0.1,0,0,0,3.4791,0.0484,0,0.6087,15,0.85,0,2,0.3333,6,0.3158,23,0,0,0,0,0,0,2,0,1,0,0
https://www.microsoft.com/en-us/microsoft-365,0,True,45,17,20,0,2,0,0,0,0,0,0,1,0,0,0,0,1,0.1,0,0,0,3.1751,0.0667,0,0.7333,9,0.0,0,0,0.0,99,1.0,1999,0,0,1,36,0,0,1,1,0,0,10
https://outlook.live.com/mail/0/inbox,0,True,37,16,13,0,3,0,0,0,0,0,0,1,0,0,0,0,0,0.1,0,0,0,3.25,0.027,0,0.5,7,0.0,0,0,0.0,99,1.0,7,0,0,0,0,0,0,0,0,0,0,0
https://office.com,0,True,18,10,0,0,0,0,0,0,0,0,0,0,0,0,0,0,0,0.1,0,0,0,2.7219,0.0,0,0.5556,6,0.0,0,0,0.0,99,1.0,19157,0,0,0,204,0,0,8,7,3,0,67
https://teams.microsoft.com,0,True,27,19,0,0,0,0,0,0,0,0,0,1,0,0,0,0,1,0.1,0,0,0,3.3264,0.0,0,0.6471,9,0.0,0,0,0.0,99,1.0,381,0,0,0,5,0,0,0,0,0,0,2
https://azure.microsoft.com/en-us/services/active-directory,0,False,59,19,32,0,3,0,0,0,0,0,0,1,0,0,0,0,1,0.1,0,0,0,3.5766,0.0,0,0.5882,9,0.0,0,1,0.0,99,1.0,0,0,0,0,0,0,0,0,0,0,0,0
https://appleid.apple.com,0,True,25,17,0,0,0,0,0,0,0,0,0,1,0,0,0,0,0,0.1,0,0,0,3.1463,0.0,0,0.6,7,0.0,0,0,0.0,99,1.0,34,0,0,0,0,0,0,1,0,1,0,1
https://www.apple.com/store,0,True,27,13,6,0,1,0,0,0,0,0,0,1,0,0,0,0,0,0.1,0,0,0,3.027,0.0,0,0.7273,5,0.0,0,0,0.0,99,1.0,61278,0,0,1,17,0,0,76,4,282,3,127
https://icloud.com,0,True,18,10,0,0,0,0,0,0,0,0,0,0,0,0,0,0,0,0.1,0,0,0,2.9219,0.0,0,0.5556,6,0.6364,0,0,0.0,4,0.3636,9,0,0,0,0,0,0,0,0,0,0,0
https://developer.apple.com,0,True,27,19,0,0,0,0,0,0,0,0,0,1,0,0,0,0,0,0.1,0,0,0,3.2608,0.0,0,0.5882,9,0.0,0,0,0.0,99,1.0,4454,0,0,1,14,0,0,4,4,3,6,27
https://www.amazon.com,0,False,22,14,0,0,0,0,0,0,0,0,0,1,0,0,0,0,0,0.1,0,0,0,2.8963,0.0,0,0.6667,6,0.0,0,0,0.0,99,1.0,0,0,0,0,0,0,0,0,0,0,0,0
https://www.amazon.com/gp/sign-in.html,0,True,38,14,16,0,2,0,0,0,0,0,0,1,0,0,0,0,0,0.1,0,0,0,2.8963,0.0,0,0.6667,6,0.0,0,1,0.3333,99,1.0,2495,1,1,3,0,0,0,11,2,3,0,6
https://aws.amazon.com,0,True,22,14,0,0,0,0,0,0,0,0,0,1,0,0,0,0,0,0.1,0,0,0,3.0391,0.0,0,0.5833,6,0.0,0,0,0.0,99,1.0,9880,0,2,2,24,0,0,13,5,4,1,16
https://sellercentral.amazon.com,0,False,32,24,0,0,0,0,0,0,0,0,0,1,0,0,0,0,0,0.1,0,0,0,3.4906,0.0,0,0.6364,13,0.0,0,0,0.0,99,1.0,0,0,0,0,0,0,0,0,0,0,0,0
https://www.amazon.co.uk,0,False,24,16,0,0,0,0,0,0,0,0,0,2,0,0,0,0,0,0.1,0,0,0,3.1556,0.0,0,0.6154,6,0.0,1,0,0.0,5,1.0,0,0,0,0,0,0,0,0,0,0,0,0
https://smile.amazon.com,0,False,24,16,0,0,0,0,0,0,0,0,0,1,0,0,0,0,0,0.1,0,0,0,3.3278,0.0,0,0.5714,6,0.0,0,0,0.0,99,1.0,0,0,0,0,0,0,0,0,0,0,0,0
https://github.com,0,True,18,10,0,0,0,0,0,0,0,0,0,0,0,0,0,0,0,0.1,0,0,0,3.3219,0.0,0,0.6667,6,0.0,0,0,0.0,99,1.0,7386,0,2,2,30,0,0,4,5,0,1,0
https://github.com/login,0,True,24,10,6,0,1,0,0,0,0,0,0,0,0,0,0,0,0,0.1,0,0,0,3.3219,0.0,0,0.6667,6,0.0,0,1,0.3333,99,1.0,613,1,2,1,4,0,0,8,2,1,1,0
https://api.github.com,0,False,22,14,0,0,0,0,0,0,0,0,0,1,0,0,0,0,0,0.1,0,0,0,3.5216,0.0,0,0.5833,6,0.0,0,0,0.0,99,1.0,0,0,0,0,0,0,0,0,0,0,0,0
https://raw.githubusercontent.com/user/repo/main/file.py,0,False,56,25,23,0,4,0,0,0,0,0,0,1,0,0,0,0,1,0.1,0,0,0,3.8937,0.0,0,0.6522,17,0.85,0,0,0.0,11,0.5238,0,0,0,0,0,0,0,0,0,0,0,0
https://gist.github.com,0,True,23,15,0,0,0,0,0,0,0,0,0,1,0,0,0,0,0,0.1,0,0,0,3.3736,0.0,0,0.6923,6,0.0,0,0,0.0,99,1.0,6511,0,1,1,21,0,0,2,4,0,1,1
https://docs.github.com/en,0,True,26,15,3,0,1,0,0,0,0,0,0,1,0,0,0,0,0,0.1,0,0,0,3.5069,0.0,0,0.6923,6,0.0,0,0,0.0,99,1.0,1607,0,1,1,11,0,0,0,0,0,0,0
https://www.netflix.com,0,True,23,15,0,0,0,0,0,0,0,0,0,1,0,0,0,0,0,0.1,0,0,0,3.4566,0.0,0,0.7692,7,0.0,0,0,0.0,99,1.0,3145,0,2,0,15,0,0,8,1,3,0,17
https://www.netflix.com/login,0,True,29,15,6,0,1,0,0,0,0,0,0,1,0,0,0,0,0,0.1,0,0,0,3.4566,0.0,0,0.7692,7,0.0,0,1,0.3333,99,1.0,322,1,1,1,7,0,0,2,0,1,0,1
https://help.netflix.com/en,0,True,27,16,3,0,1,0,0,0,0,0,0,1,0,0,0,0,0,0.1,0,0,0,3.625,0.0,0,0.7143,7,0.0,0,0,0.0,99,1.0,730,0,1,1,7,0,0,3,1,1,0,2
https://www.netflix.com/browse,0,True,30,15,7,0,1,0,0,0,0,0,0,1,0,0,0,0,0,0.1,0,0,0,3.4566,0.0,0,0.7692,7,0.0,0,0,0.0,99,1.0,322,1,1,1,7,0,0,2,0,1,0,1
https://twitter.com/login,0,True,25,11,6,0,1,0,0,0,0,0,0,0,0,0,0,0,0,0.1,0,0,0,3.0272,0.0,0,0.7,7,0.0,0,1,0.3333,99,1.0,169,0,0,1,0,0,0,0,0,0,0,0
https://x.com/home,0,True,18,5,5,0,1,0,0,0,0,0,0,0,0,0,0,0,0,0.1,0,0,0,2.3219,0.0,0,0.75,4,0.0,0,0,0.0,99,1.0,169,0,0,1,0,0,0,0,0,0,0,0
https://api.twitter.com/2/tweets,0,False,32,15,9,0,2,0,0,0,0,0,0,1,0,0,0,0,0,0.1,0,0,0,3.3232,0.0312,0,0.6154,7,0.0,0,0,0.0,99,1.0,0,0,0,0,0,0,0,0,0,0,0,0
https://mobile.twitter.com,0,True,26,18,0,0,0,0,0,0,0,0,0,1,0,0,0,0,0,0.1,0,0,0,3.3502,0.0,0,0.625,7,0.0,0,0,0.0,99,1.0,394,0,0,0,16,0,0,2,0,1,1,1
https://www.linkedin.com/login,0,True,30,16,6,0,1,0,0,0,0,0,0,1,0,0,0,0,0,0.1,0,0,0,3.3278,0.0,0,0.7143,8,0.0,0,1,0.3333,99,1.0,1153,2,2,0,0,0,0,0,0,0,0,6
https://www.linkedin.com/feed,0,True,29,16,5,0,1,0,0,0,0,0,0,1,0,0,0,0,0,0.1,0,0,0,3.3278,0.0,0,0.7143,8,0.0,0,0,0.0,99,1.0,175,0,0,0,0,0,0,2,0,0,0,1
https://api.linkedin.com/v2/me,0,False,30,16,6,0,2,0,0,0,0,0,0,1,0,0,0,0,0,0.1,0,0,0,3.4528,0.0333,0,0.5714,8,0.0,0,0,0.0,99,1.0,0,0,0,0,0,0,0,0,0,0,0,0
https://business.linkedin.com,0,True,29,21,0,0,0,0,0,0,0,0,0,1,0,0,0,0,0,0.1,0,0,0,3.5226,0.0,0,0.6316,8,0.0,0,0,0.0,99,1.0,3660,0,0,0,15,0,0,2,0,0,2,17
https://www.reddit.com,0,True,22,14,0,0,0,0,0,0,0,0,0,1,0,0,0,0,1,0.1,0,0,0,3.182,0.0,0,0.75,6,0.0,0,0,0.0,99,1.0,6,0,0,1,0,0,0,0,0,0,0,0
https://old.reddit.com,0,True,22,14,0,0,0,0,0,0,0,0,0,1,0,0,0,0,1,0.1,0,0,0,3.182,0.0,0,0.6667,6,0.0,0,0,0.0,99,1.0,38,0,0,0,0,0,0,0,0,0,0,0
https://www.reddit.com/r/python,0,True,31,14,9,0,2,0,0,0,0,0,0,1,0,0,0,0,1,0.1,0,0,0,3.182,0.0,0,0.75,6,0.0,0,0,0.0,99,1.0,6,0,0,1,0,0,0,0,0,0,0,0
https://oauth.reddit.com/api/v1/me,0,False,34,16,10,0,3,0,0,0,0,0,0,1,0,0,0,0,1,0.1,0,0,0,3.5,0.0294,0,0.5714,6,0.0,0,1,0.0,99,1.0,0,0,0,0,0,0,0,0,0,0,0,0
https://www.youtube.com,0,True,23,15,0,0,0,0,0,0,0,0,0,1,0,0,0,0,0,0.1,0,0,0,3.1899,0.0,0,0.6154,7,0.0,0,0,0.0,99,1.0,187,0,1,0,1,1,0,0,0,0,0,1
https://studio.youtube.com,0,True,26,18,0,0,0,0,0,0,0,0,0,1,0,0,0,0,0,0.1,0,0,0,3.4194,0.0,0,0.5,7,0.0,0,0,0.0,99,1.0,997,1,1,2,4,0,0,0,0,0,0,0
https://www.youtube.com/watch?v=dQw4w9WgXcQ,0,True,43,15,6,13,1,1,0,0,0,0,0,1,0,0,0,0,0,0.1,0,0,0,3.1899,0.0465,2,0.6154,7,0.0,0,0,0.0,99,1.0,258,0,1,0,1,1,0,0,0,0,0,1
https://www.wikipedia.org,0,True,25,17,0,0,0,0,0,0,0,0,0,1,0,0,0,0,0,0.1,0,0,0,3.2195,0.0,0,0.6,9,0.0,0,0,0.0,99,1.0,7936,0,0,1,374,0,0,0,0,0,2,2
https://en.wikipedia.org/wiki/Phishing,0,True,38,16,14,0,2,0,0,0,0,0,0,1,0,0,0,0,0,0.1,0,0,0,3.4528,0.0,0,0.5,9,0.0,0,0,0.0,99,1.0,68388,0,0,2,431,0,0,127,65,61,8,53
https://stackoverflow.com/questions,0,False,35,17,10,0,1,0,0,0,0,0,0,0,0,0,0,0,0,0.1,0,0,0,3.6901,0.0,0,0.6875,13,0.0,0,0,0.0,9,0.5294,0,0,0,0,0,0,0,0,0,0,0,0
https://www.yahoo.com,0,True,21,13,0,0,0,0,0,0,0,0,0,1,0,0,0,0,0,0.1,0,0,0,2.8151,0.0,0,0.6364,5,0.0,0,0,0.0,99,1.0,2559,0,0,1,33,0,0,0,0,1,0,0
https://www.ebay.com,0,False,20,12,0,0,0,0,0,0,0,0,0,1,0,0,0,0,0,0.1,0,0,0,3.0221,0.0,0,0.7,4,0.0,0,0,0.0,99,1.0,0,0,0,0,0,0,0,0,0,0,0,0
https://www.ebay.com/signin,0,False,27,12,7,0,1,0,0,0,0,0,0,1,0,0,0,0,0,0.1,0,0,0,3.0221,0.0,0,0.7,6,0.0,0,1,0.3333,99,1.0,0,0,0,0,0,0,0,0,0,0,0,0
https://www.spotify.com,0,True,23,15,0,0,0,0,0,0,0,0,0,1,0,0,0,0,0,0.1,0,0,0,3.3232,0.0,0,0.7692,7,0.0,0,0,0.0,99,1.0,1291,0,0,0,0,0,0,0,0,0,0,1
https://open.spotify.com,0,True,24,16,0,0,0,0,0,0,0,0,0,1,0,0,0,0,0,0.1,0,0,0,3.4528,0.0,0,0.6429,7,0.0,0,0,0.0,99,1.0,1291,0,0,0,0,0,0,0,0,0,0,1
https://discord.com/login,0,True,25,11,6,0,1,0,0,0,0,0,0,0,0,0,0,0,0,0.1,0,0,0,2.914,0.0,0,0.7,7,0.0,0,1,0.3333,99,1.0,7,0,0,0,0,0,0,0,0,0,0,0
https://discordapp.com,0,True,22,14,0,0,0,0,0,0,0,0,0,0,0,0,0,0,0,0.1,0,0,0,3.2359,0.0,0,0.6923,10,0.85,0,0,0.0,3,0.2143,3968,0,0,0,69,0,0,2,0,0,0,0
https://www.twitch.tv,0,True,21,13,0,0,0,0,0,0,0,0,0,1,0,0,0,0,0,0.3,0,0,0,2.5654,0.0,0,0.9091,6,0.0,0,0,0.0,99,1.0,6,0,0,0,0,0,0,0,0,0,0,0
https://www.reddit.com/user/me,0,True,30,14,8,0,2,0,0,0,0,0,0,1,0,0,0,0,1,0.1,0,0,0,3.182,0.0,0,0.75,6,0.0,0,0,0.0,99,1.0,6,0,0,1,0,0,0,0,0,0,0,0
https://dropbox.com/login,0,True,25,11,6,0,1,0,0,0,0,0,0,0,0,0,0,0,0,0.1,0,0,0,3.0272,0.0,0,0.7,7,0.0,0,1,0.3333,99,1.0,38,0,0,0,0,0,0,2,0,1,0,1
https://www.dropbox.com/home,0,True,28,15,5,0,1,0,0,0,0,0,0,1,0,0,0,0,0,0.1,0,0,0,3.1396,0.0,0,0.7692,7,0.0,0,0,0.0,99,1.0,38,0,0,0,0,0,0,2,0,1,0,1
https://www.tiktok.com/login,0,True,28,14,6,0,1,0,0,0,0,0,0,1,0,0,0,0,0,0.1,0,0,0,2.8963,0.0,0,0.75,6,0.0,0,1,0.3333,99,1.0,848,0,0,0,0,0,0,5,1,2,0,3
https://www.snapchat.com,0,True,24,16,0,0,0,0,0,0,0,0,0,1,0,0,0,0,1,0.1,0,0,0,3.3278,0.0,0,0.7857,8,0.0,0,0,0.0,99,1.0,2998,0,2,1,38,0,0,0,0,0,0,0
https://www.chase.com/personal/banking,0,True,38,13,17,0,2,0,0,0,0,0,0,1,0,0,0,0,0,0.1,0,0,0,3.027,0.0,0,0.7273,8,0.0,0,1,0.0,99,1.0,7117,0,0,0,37,0,0,17,4,44,4,32
https://www.wellsfargo.com/online-banking/sign-on,0,False,49,18,23,0,2,0,0,0,0,0,0,1,0,0,0,0,0,0.1,0,0,0,3.3921,0.0,0,0.75,10,0.0,0,1,0.0,99,1.0,0,0,0,0,0,0,0,0,0,0,0,0
https://www.bankofamerica.com/online-banking,0,True,44,21,15,0,1,0,0,0,0,0,0,1,0,0,0,0,0,0.1,0,0,0,3.5585,0.0,0,0.6316,13,0.0,0,1,0.0,99,1.0,28068,0,0,0,116,0,0,81,25,170,25,35
https://online.citibank.com/US/login.do,0,True,39,19,12,0,2,0,0,0,0,0,0,1,0,0,0,0,0,0.1,0,0,0,3.4316,0.0,0,0.5882,8,0.0,0,1,0.3333,99,1.0,74,0,0,0,0,0,0,0,0,0,0,0
https://developer.mozilla.org/en-US/docs/Web,0,True,44,21,15,0,3,0,0,0,0,0,0,1,0,0,0,0,0,0.1,0,0,0,3.5226,0.0,0,0.5789,9,0.0,0,0,0.0,7,0.5385,6633,0,1,0,22,0,0,1,2,1,0,0
https://docs.python.org/3,0,True,25,15,2,0,1,0,0,0,0,0,0,1,0,0,0,0,0,0.1,0,0,0,3.4566,0.04,0,0.7692,6,0.0,0,0,0.0,6,0.6,3191,0,0,3,23,0,0,1,6,0,0,0
https://www.w3schools.com/python,0,True,32,17,7,0,1,0,0,0,0,0,0,1,0,0,0,0,0,0.1,0,0,0,2.9842,0.0312,0,0.7857,6,0.0,0,0,0.0,6,0.4615,14319,0,6,0,105,0,0,21,1,4,2,1
https://www.npmjs.com/package/react,0,False,35,13,14,0,2,0,0,0,0,0,0,1,0,0,0,0,0,0.1,0,0,0,3.027,0.0,0,0.9091,7,0.0,0,0,0.0,4,0.4444,0,0,0,0,0,0,0,0,0,0,0,0
https://pypi.org/project/fastapi,0,True,32,8,16,0,2,0,0,0,0,0,0,0,0,0,0,0,0,0.1,0,0,0,2.75,0.0,0,0.7143,7,0.0,0,0,0.0,6,0.6,226,0,0,0,0,0,0,0,0,0,0,0
https://hub.docker.com/r/python/python,0,False,38,14,16,0,3,0,0,0,0,0,0,1,0,0,0,0,0,0.1,0,0,0,3.3788,0.0,0,0.6667,6,0.0,0,0,0.0,5,0.5,0,0,0,0,0,0,0,0,0,0,0,0
https://console.aws.amazon.com/console/home,0,True,43,22,13,0,2,0,0,0,0,0,0,2,0,0,0,0,0,0.1,0,0,0,3.2999,0.0,0,0.5789,7,0.0,0,0,0.0,99,1.0,0,0,0,0,0,0,0,0,0,0,0,0
https://cloud.google.com/console,0,True,32,16,8,0,1,0,0,0,0,0,0,1,0,0,0,0,0,0.1,0,0,0,3.0,0.0,0,0.5714,7,0.0,0,0,0.0,99,1.0,907,1,1,2,4,0,0,2,0,0,0,2
https://portal.azure.com,0,True,24,16,0,0,0,0,0,0,0,0,0,1,0,0,0,0,0,0.1,0,0,0,3.5,0.0,0,0.5714,6,0.6667,0,1,0.0,3,0.3333,15,0,0,0,0,0,0,0,0,0,0,1
https://www.bbc.com/news,0,True,24,11,5,0,1,0,0,0,0,0,0,1,0,0,0,0,0,0.1,0,0,0,2.4817,0.0,0,0.8889,4,0.625,0,0,0.0,3,0.4286,9426,0,1,0,9,0,0,0,0,1,0,0
https://edition.cnn.com,0,True,23,15,0,0,0,0,0,0,0,0,0,1,0,0,0,0,0,0.1,0,0,0,3.0566,0.0,0,0.6154,7,0.0,0,0,0.0,3,0.4286,13780,0,2,3,33,0,0,20,2,13,7,4
https://www.nytimes.com,0,True,23,15,0,0,0,0,0,0,0,0,0,1,0,0,0,0,0,0.1,0,0,0,3.3232,0.0,0,0.7692,7,0.0,0,0,0.0,5,0.4545,6852,0,1,1,13,0,0,0,3,1,5,0
https://www.reuters.com,0,False,23,15,0,0,0,0,0,0,0,0,0,1,0,0,0,0,0,0.1,0,0,0,3.1899,0.0,0,0.6923,7,0.0,0,0,0.0,5,0.4545,0,0,0,0,0,0,0,0,0,0,0,0
https://techcrunch.com,0,True,22,14,0,0,0,0,0,0,0,0,0,0,0,0,0,0,0,0.1,0,0,0,3.0931,0.0,0,0.7692,10,0.0,0,0,0.0,8,0.5714,11983,0,1,2,9,0,0,3,6,3,15,19
https://www.wired.com,0,True,21,13,0,0,0,0,0,0,0,0,0,1,0,0,0,0,0,0.1,0,0,0,2.9312,0.0,0,0.7273,5,0.6667,0,0,0.0,3,0.3333,8456,0,0,0,18,0,0,0,2,1,2,0
https://www.shopify.com,0,True,23,15,0,0,0,0,0,0,0,0,0,1,0,0,0,0,0,0.1,0,0,0,3.3232,0.0,0,0.7692,7,0.8182,0,0,0.0,2,0.1818,7319,0,0,0,44,0,0,0,1,3,7,0
https://app.shopify.com/store,0,False,29,15,6,0,1,0,0,0,0,0,0,1,0,0,0,0,0,0.1,0,0,0,3.3232,0.0,0,0.6923,7,0.8182,0,0,0.0,2,0.1818,0,0,0,0,0,0,0,0,0,0,0,0
https://www.stripe.com,0,True,22,14,0,0,0,0,0,0,0,0,0,1,0,0,0,0,0,0.1,0,0,0,3.3249,0.0,0,0.75,6,0.0,0,0,0.0,4,0.4,12529,0,0,0,30,0,0,3,1,86,0,0
https://dashboard.stripe.com,0,True,28,20,0,0,0,0,0,0,0,0,0,1,0,0,0,0,0,0.1,0,0,0,3.7219,0.0,0,0.6667,9,0.0,0,0,0.0,4,0.4,217,0,0,0,1,0,0,2,0,4,0,0
https://www.twilio.com,0,True,22,14,0,0,0,0,0,0,0,0,0,1,0,0,0,0,0,0.1,0,0,0,2.8074,0.0,0,0.6667,6,0.6364,0,0,0.0,4,0.3636,24832,0,0,0,35,0,0,54,20,18,4,4
https://console.twilio.com,0,True,26,18,0,0,0,0,0,0,0,0,0,1,0,0,0,0,0,0.1,0,0,0,3.281,0.0,0,0.5625,7,0.6364,0,0,0.0,4,0.3636,16,0,0,0,0,0,0,0,0,0,0,0
https://www.salesforce.com,0,True,26,18,0,0,0,0,0,0,0,0,0,1,0,0,0,0,0,0.1,0,0,0,3.3502,0.0,0,0.6875,10,0.0,0,0,0.0,6,0.4286,8863,0,0,0,58,0,0,1,0,4,3,0
https://login.salesforce.com,0,True,28,20,0,0,0,0,0,0,0,0,0,1,0,0,0,0,0,0.1,0,0,0,3.5842,0.0,0,0.6111,10,0.0,0,1,0.0,6,0.4286,479,0,2,2,3,1,0,4,1,0,0,0
https://slack.com/signin,0,False,24,9,7,0,1,0,0,0,0,0,0,0,0,0,0,0,0,0.1,0,0,0,2.9477,0.0,0,0.75,6,0.0,0,1,0.3333,4,0.4444,0,0,0,0,0,0,0,0,0,0,0,0
https://app.slack.com/client,0,True,28,13,7,0,1,0,0,0,0,0,0,1,0,0,0,0,0,0.1,0,0,0,3.0851,0.0,0,0.7273,6,0.0,0,0,0.0,4,0.4444,1025,0,0,0,25,0,0,0,0,0,0,0
https://zoom.us/signin,0,True,22,7,7,0,1,0,0,0,0,0,0,0,0,0,0,0,0,0.3,0,0,0,2.5216,0.0,0,0.5,6,0.0,0,1,0.3333,6,0.8571,198,0,0,0,1,0,0,1,0,0,0,0
https://app.zoom.us/wc/join,0,True,27,11,8,0,2,0,0,0,0,0,0,1,0,0,0,0,0,0.3,0,0,0,2.914,0.0,0,0.5556,4,0.0,0,0,0.0,6,0.8571,4,0,0,0,0,0,0,0,0,0,0,0
https://notion.so/login,0,True,23,9,6,0,1,0,0,0,0,0,0,0,0,0,0,0,0,0.3,0,0,0,2.4194,0.0,0,0.5,6,0.0,0,1,0.3333,6,0.6,6,0,0,0,0,0,0,0,0,0,0,0
https://www.notion.so,0,True,21,13,0,0,0,0,0,0,0,0,0,1,0,0,0,0,0,0.3,0,0,0,2.6612,0.0,0,0.6364,6,0.0,0,0,0.0,6,0.6,2440,0,0,0,10,0,0,0,1,0,0,0
https://trello.com/login,0,False,24,10,6,0,1,0,0,0,0,0,0,0,0,0,0,0,0,0.1,0,0,0,2.9219,0.0,0,0.6667,6,0.0,0,1,0.3333,5,0.5,0,0,0,0,0,0,0,0,0,0,0,0
https://jira.atlassian.com,0,True,26,18,0,0,0,0,0,0,0,0,0,1,0,0,0,0,0,0.1,0,0,0,3.3921,0.0,0,0.5625,9,0.0,0,0,0.0,6,0.4615,1636,0,0,2,95,0,0,0,0,0,0,0
https://asana.com/,0,True,18,9,1,0,0,0,0,0,0,0,0,0,0,0,0,0,0,0.1,0,0,0,2.6416,0.0,0,0.5,5,0.0,0,0,0.0,4,0.4444,9257,0,1,1,36,0,0,4,0,2,1,0
https://monday.com/login,0,False,24,10,6,0,1,0,0,0,0,0,0,0,0,0,0,0,0,0.1,0,0,0,2.9219,0.0,0,0.6667,6,0.0,0,1,0.3333,4,0.4,0,0,0,0,0,0,0,0,0,0,0,0
https://www.bing.com/search?q=python,0,True,36,12,7,8,1,1,0,0,0,0,0,1,0,0,0,0,0,0.1,0,0,0,3.0221,0.0,2,0.8,6,0.625,0,0,0.0,3,0.375,2576,0,0,1,0,0,0,0,0,0,0,0
https://duckduckgo.com/?q=phishing,0,True,34,14,1,10,0,1,0,0,0,0,0,0,0,0,0,0,0,0.1,0,0,0,2.8963,0.0,2,0.6923,10,0.0,0,0,0.0,8,0.5714,33,0,1,0,0,0,0,0,0,0,0,0
https://www.cloudflare.com,0,True,26,18,0,0,0,0,0,0,0,0,0,1,0,0,0,0,0,0.1,0,0,0,3.4613,0.0,0,0.6875,10,0.0,0,0,0.0,7,0.5,6713,0,0,0,18,0,0,12,6,8,0,0
https://dash.cloudflare.com,0,True,27,19,0,0,0,0,0,0,0,0,0,1,0,0,0,0,0,0.1,0,0,0,3.6163,0.0,0,0.6471,10,0.0,0,0,0.0,7,0.5,42,0,0,0,0,0,0,1,0,1,0,0
https://www.digitalocean.com,0,True,28,20,0,0,0,0,0,0,0,0,0,1,0,0,0,0,0,0.1,0,0,0,3.5842,0.0,0,0.6111,12,0.0,0,0,0.0,8,0.5,7925,0,0,0,35,0,0,6,5,2,0,0
https://cloud.digitalocean.com,0,True,30,22,0,0,0,0,0,0,0,0,0,1,0,0,0,0,0,0.1,0,0,0,3.5726,0.0,0,0.55,12,0.0,0,0,0.0,8,0.5,12,0,0,0,0,0,0,0,0,0,0,0
https://www.heroku.com,0,True,22,14,0,0,0,0,0,0,0,0,0,1,0,0,0,0,0,0.1,0,0,0,3.182,0.0,0,0.6667,6,0.0,0,0,0.0,5,0.5,13291,0,1,1,45,0,0,12,4,3,4,3
https://dashboard.heroku.com,0,True,28,20,0,0,0,0,0,0,0,0,0,1,0,0,0,0,0,0.1,0,0,0,3.5842,0.0,0,0.6111,9,0.0,0,0,0.0,5,0.5,6,0,0,0,0,0,0,0,0,0,0,0
https://vercel.com,0,True,18,10,0,0,0,0,0,0,0,0,0,0,0,0,0,0,0,0.1,0,0,0,2.9219,0.0,0,0.6667,6,0.0,0,0,0.0,5,0.5,3360,0,0,0,18,0,0,1,0,0,0,0
https://app.vercel.com,0,False,22,14,0,0,0,0,0,0,0,0,0,1,0,0,0,0,0,0.1,0,0,0,3.2359,0.0,0,0.6667,6,0.0,0,0,0.0,5,0.5,0,0,0,0,0,0,0,0,0,0,0,0
https://www.netlify.com,0,True,23,15,0,0,0,0,0,0,0,0,0,1,0,0,0,0,0,0.1,0,0,0,3.4566,0.0,0,0.7692,7,0.7273,0,0,0.0,3,0.2727,8610,0,1,1,34,0,0,11,4,0,2,2
https://app.netlify.com,0,True,23,15,0,0,0,0,0,0,0,0,0,1,0,0,0,0,0,0.1,0,0,0,3.6402,0.0,0,0.6923,7,0.7273,0,0,0.0,3,0.2727,25,0,0,0,0,0,0,0,0,0,0,0
